Pos;Cout;Solution;Nombre_noeuds;NbCoups;Temps
YYGRXWGBWOGYBXBOGRRRGYXRBGRRRWYXOWOOOGGBXWBYBYWBOXWYOW;16;;;;
GGWYXWYYRYRRBXOBWBGGWBXBYWBGOORXYRGOGROOXYBGYRRWBXOOWW;16;;;;
OOORXORYGGGGBXWOYBYBRRXBYYBWGGRXORWOWYYBXWBWBRRWGXGYOW;19;;;;
OGWGXGGRRGWYRXOOYYRWWGXORYWGYOYXBBBBGRYWXBWWBBRRBXOYOO;20;;;;
YWWWXRGORORYOXRYRRRWWBXBBGWGGOOXYBYBGBGOXGWGOYWRYXBBYO;14;;;;
GGGRXWRRWYBGGXGOBRYYGWXOBBWRRWWXBBOWOOOWXYORBYYROXYYGB;20;;;;
YRGBXRYYROWROXWYYYGGWRXWRWBGBWGXOROBOYGBXGWROBOWBXYBGO;20;;;;
OOOBXGGBGGWYRXGBOBRRRYXGYYBWWGOXWRBBWYYRXGWBYRRWWXOOYO;20;;;;
OWWOXWRGWGBGRXGOOBYOGYXRYRRROOWXBWRWGBYYXBOGBRGBYXYYWB;17;;;;
OWWOXBYOGGGRRXRBORGYRBXYBOBWWOBXYRRBGGYRXGWGYYBWWXWOYO;14;;;;
GYGGXYGYGYWYOXRYGRRGRBXRBWRWRWWXBWBWOBOWXGOYOYOBRXOBOB;18;;;;
YYGGXRRRWOWGWXBYGYYYGYXGRBBRBWRXYRBOOGGOXOBWOBWWOXOBRW;18;;;;
ORGBXYRBWGYGOXGBBYYRGYXORBBRRWYXWRGOOWYOXGBGYBWWOXROWW;17;;;;
YWWGXRGRROYYWXOBBBRYWBXOYBRGGOWXYWGOGGGOXRBBYRYBRXOOWW;20;;;;
YYGRXRRWWOGGBXYBWYYGGOXRRWBRBWYXORBBOGGGXYWWYBOWBXOORO;17;;;;
YOWRXGGOWOBYRXOOYRRYGGXYBORRWOBXWWWWGWGRXGOYBYBBGXBYRB;16;;;;
GOOOXRRYRYBGYXOOGRYGWGXWBYBGBGGXBRYBWWOWXOWWBYRWRXBYRO;16;;;;
OGWWXRGWWGRYGXOOOBRGGBXWYYWRBOBXOBOBGRYGXYWBBRRRWXYYYO;19;;;;
OWWRXGRBGGGGOXOBYRYRRBXRBWWWWOYXBBOOGBYYXGBYYYRRGXWOOW;19;;;;
YYOBXGGWWOWYOXYOOYRGGRXOROWRYGWXRBGOWBGBXGBWBBBRYXRYRW;20;;;;
OWWYXYYBGGRRRXBOWYGRRYXRRWRWOOWXGWBBGGYYXGWOBBOBBXOYGO;20;;;;
OOWWXBYRRGORGXGYBBGWWWXRYRRGWOYXOWBBGYYGXYWBORGBRXOBYO;20;;;;
OYGOXWRBWGGGRXGBRRYOGYXWBWBRRWGXYRGOOBYOXBBBYYOWYXROWW;17;;;;
YWOYXORWWOOGWXGYBBYBGYXRYRWRGGYXBBBBWGGYXOWWORGRRXOBRO;19;;;;
ORWYXOYGRGORGXWYWYGOWRXGRRBGBORXGROOGYYWXYBBOBBWBXWBYW;18;;;;
YRGOXWYYGOBROXROOBGBRGXWYGWWRWBXRBOBOYGBXGWGBRYRYXWYWO;14;;;;
GGGOXGGBGYGYWXOYRRRRRBXYBGRWWWBXBWRBOROWXOWYOYYBWXYBOO;18;;;;
GWWRXWRRGYGGBXOBYBYYRBXOYBBWROWXOROBGGOGXYWRYRWWGXYOBO;20;;;;
GWWRXWYYGYBRYXBBGBGGRYXOYORWOOYXOWRWGGOGXROBYRBBRXWOWB;19;;;;
ORGBXOYOWGYRRXOBWBGWGBXGYYRRGWRXYWWWOWYOXBOGYRRBGXBOYB;17;;;;
YBGWXOYWWOORYXBOORGBGYXWBWWRGWGXRBYWORGGXROOBYRRYXGYBB;18;;;;
OOOYXOYRRGRRBXWYYBGWWOXBYGWGBGRXBBGBWYYWXYWRORWRGXOBGO;16;;;;
GWGYXGYOWYRRBXRBGRGWGBXYBORRWWGXWWOBOBORXYWOYYBBRXYOGO;20;;;;
GWWBXOYOGYYRYXRYBBGWRGXBYWWWGOOXGBRBGBOYXOWGORRRRXYBWO;20;;;;
OOGGXWRWRGWGRXOYYYYBWGXRRGWGRWYXRBBBOYYBXGWWOBYRBXOBOO;20;;;;
ORGOXRRBRGGGWXYOYRYRWOXWBBRGGWGXBWBBOWYWXOWYBYYBGXOYRO;20;;;;
OGWYXRGOWGOYGXBYRRRWGWXWBBBRBOGXORGOGRYBXYBWOYYWYXOBRW;15;;;;
OOGGXBRBWGWGOXOOORYRGGXYBRBRWWBXYRRWOYYRXBOGBYGWWXWYYB;12;;;;
GGWGXWYOGYWRYXOOWRGYRBXYBWWWOOBXGBBWGOOYXRORBYRRBXRYGB;18;;;;
OOOWXBRBRGRGYXOOBRYRWGXOBGWGYGYXRBWWWWYGXROGBYWROXBYYB;10;;;;
YBOWXRGRROOYOXYBWBRWWOXWYYWGGGGXBBBWWOGYXGOGYRRRBXROYB;20;;;;
YOOOXOYYGOBRGXWOGRGGRRXBBBBWGGRXYROWWWGRXWOBBYWWRXYYYB;20;;;;
YYWBXORRGOYGOXBBBBYYRWXOYWWWBOWXGBGOGGGWXGBYYRRRRXROOW;19;;;;
GWWBXWYYGYYROXRBOBGGRGXWYOWWOOBXYBBBGGORXGWWYRBRYXRORO;20;;;;
GWWOXRYYRYBROXWYRRGGWRXYBWWGGOBXYBBOGGOOXGBBOYORYXRBWW;20;;;;
YYOWXORWROOGRXOOOYYBWGXWRWWGBGGXYBBWWGGRXGOBBBRRYXRYYB;20;;;;
YOORXYROGOGGRXBBGRYYRWXBBWWWRGOXGBYBWWGWXBWGYYRROXBOYO;13;;;;
GOOGXRGRWYYYBXBBWRRYGYXGBWBRBGOXORGOWWOBXWBYYYRWGXROOW;19;;;;
GWWBXYYYGYWRBXRBRRGGRGXOBYRWOOWXOWBOGGOGXYBRYYRBWXOOBW;19;;;;
YGGWXYRYROOGWXGOBBYBWYXWYGWGRWBXYBBWORGOXROOBRWROXRYGB;16;;;;
OBGGXBGORGWYOXRYRRRYWBXYBRWGWWGXWBYOOOYOXGBWOYGRYXBBRW;15;;;;
GWWGXRYWRYYROXBOGBGBWYXOYRWGBOWXWBRBGGORXBWYBRGROXYYOO;16;;;;
YBWYXOGRGORYGXRBOBRWRGXOYBRWBOWXOWWOGRGGXWBGYRYBYXBOYW;12;;;;
YGGYXWGBROOYOXBYRRRRWWXGBBBGOWOXGRRWORGYXBOGOYYWYXWBWB;18;;;;
OBOBXYYGGGYRGXRYRBGORGXWYYWWOGBXGBOOWOYWXYBRORRRWXWBBW;20;;;;
OYWWXYGGWGOYGXRYRRROGBXWBRWROOBXWBBBGBYRXYWGOYGRYXOBWO;17;;;;
YOWYXRRGGORGGXGBWRYRRYXYBOBWBOBXORROGWGBXWBYYYGWBXWOOW;20;;;;
GWOOXOYYWYBRRXGBRRGGGWXGBBRRGGRXWWOBWBORXBWWYYYBYXYOOO;20;;;;
OGWYXWYOGGRRBXWBBYGYRRXYROWWOOGXBBBBGRYWXYWGYBGROXROWO;20;;;;
OOGOXYRWWGBGGXROGYYGGBXGRBBRRWOXBROOOYYYXYBWBBWWRXWYRW;18;;;;
OROOXWRGWGBGBXGBRBYRGWXWYRWROGBXGBGWWWYYXYOYYRBRYXOOOB;20;;;;
YYOBXWGWWOYYWXRBRRRBGBXGBGWRRGOXRBBWWGGGXOOYYYWRYXOOOB;20;;;;
GGGBXRYYWYYRBXGBBBGGGWXRYWWRBWYXRBRWOOOGXWOYYROROXWOOB;20;;;;
GYOYXRYYRYOROXWOBBGGWRXRYWBGGGYXGRGOWBOWXBBBBROWRXOYWW;19;;;;
GOOWXBGWWYRYYXRBGRRBGBXYBOWRYGGXGBGWWWOWXROYYYBROXROOB;15;;;;
OWWYXOYOWGRRBXOBYYGWGGXBRBBRBORXYRROGGYOXYBRYBWWGXWOGW;20;;;;
YBWOXGYGGOGRRXWBYYGRRRXYRYRWWOBXBWOWGOGWXBOYYBRBGXWOOB;19;;;;
YGOYXORWWOOGWXBYBBYGGYXYYOBRGGGXBRRBWRGWXOWWORBWRXYBRO;20;;;;
YBOOXGGRGOGYWXYYWRRYROXYBBBWWGGXOROOWRGBXRBROYYWBXWBGW;18;;;;
OBGOXBRRGGGGRXWOYRYYRRXBBYWWYWOXWBWOORYOXGBBBYORGXGYWW;17;;;;
GRORXGRRGYGGWXGYYYYWRWXOROBWYGYXORWOWYOGXOBROBBWBXBBBW;20;;;;
OOWBXOYRWGYRGXGYOBGWGWXBYYBRBORXRRWWGYYGXYOOORRWWXBBGB;20;;;;
GWWYXOYYWYRRBXBBRYGGGWXORRBRBOWXRROOGGOBXYBOYBGWWXYOGW;15;;;;
OWGGXOGYWGWYRXGORRRBGYXGBWWRBWRXWBOBOBYOXBWOBYRRYXYYGO;17;;;;
YWGWXYYRGOOROXYOBBGWROXBYRWWRWOXGBWOOGGYXGBBBRGRRXBYYW;20;;;;
YBGGXRGWROYYBXGYBYRBWWXRRWWGGWYXYBGWOOGOXYOWOBRRRXOBOB;17;;;;
GOWGXBRYWYWGWXGBRBYBGYXGYOBRWORXORBBGWOGXRWYYRBWYXROOO;16;;;;
GOORXORYGYGGWXYOWRYBROXWBGWWGGBXRBBBWWOBXRWYBYYRGXOYRO;17;;;;
YOWOXRRWROGGBXGORYYGWYXBRWWGGOOXWBWWGYGRXYORBBORYXBYBB;19;;;;
YYOBXRGGWOYYWXYBBYROGRXORRRRBGYXBWWOWGGWXOBWYBGBOXGORW;20;;;;
OOOOXOGBRGGYYXBBRRRRWWXWBBBGBGGXGRGOWWYYXRBYYYYWWXROOW;16;;;;
YYWBXWGOWOYYGXOBBBRWGBXGYYRRRORXBWOBGGGWXWWOYRRBRXYOGO;20;;;;
YRGBXWRWWOYGBXGOGBYGGYXOYRRROWYXRWBOOYGGXWBWBRBBOXOYRW;15;;;;
GGGRXOYYRYBRWXGBWBGGWWXYYYBGBWBXWRGOOROOXRBYYRRWBXOOOW;17;;;;
GYWRXWYWRYBRBXRBWYGGWGXRRYWGOOYXWBBBGGORXYWOYBORBXOOGO;20;;;;
YYGYXOYOWORRBXRBWYGYGBXGRWRRBWOXWWWWOGGRXYORYBOBBXGOGB;14;;;;
GYGOXGRBWYGGYXGYRRYRGWXWBWRRYWBXOWGWOBOBXOOWOYRBYXRBOB;20;;;;
GWWWXOGRGYOYRXOOGYRYRBXRRBRWGOWXYWYOGGOOXBBBBBWBRXGYYW;19;;;;
GWGRXBYWRYBRYXWYRRGGWRXBBWRGYWOXRWYBOBOGXOWOOYOBYXGBGO;18;;;;
OWWWXORYRGRGYXBORBYGWWXBYBRGGORXWWBWGGYOXOORBRYBYXOYGB;19;;;;
GWWRXOGOGYGYBXROYRRYRBXRBBBWBOYXORROGGOGXWBWBYYWGXWYOW;19;;;;
OWWWXYGWWGOYWXOOYYRGGBXGRRWROORXOBYWGBYGXROYBBBRGXBYRB;18;;;;
OBGOXGYRRGGROXBYWBGWWWXGYYRGYWRXBWOBORYYXBWWORRBGXYBOO;15;;;;
YWOYXGGBROOYWXBYGRRRWYXOBYRGYGWXGWGOWBGWXRBOOYRBRXOBBW;15;;;;
OWOOXRGOGGGYOXYBWYRYRRXORWBWBGWXRRYOWBYGXBBGYBRWGXBOYW;14;;;;
YYOOXRYOWOBRYXGYYYGYGWXGRWBRBGRXBRGBWGGWXRWWOBOWBXOBRO;20;;;;
GROWXWRBRYOGYXGYGBYOWYXGYBWGRGRXGBYBWYOWXOWRORWROXBBBO;17;;;;
YRGRXBGGWOBYWXGYRRROGWXGBYRRWWRXGWYBOWGYXOWOOYOBYXBBBO;16;;;;
GOORXGYBWYGRBXRBRRGOGBXGBGWRYGOXBBRBWWOWXYWYYYWRYXWOOO;20;;;;
YGGOXRGWWOBYGXWOGBRGGRXWYYWRBWBXYBYBORGOXYWWBRRROXBYOO;14;;;;
OGGOXBRYGGGGRXOBWRYBRBXRBYWWWWWXWBRWORYOXBOGYYORGXYOYB;20;;;;
GBOGXBGGWYYYBXYOOYROGOXBRWWRYGRXGBGOWOOWXWBYBBRRWXRYRW;17;;;;
ORWOXBRRWGGGWXBOWBYYGYXGYGRRWORXYWBBGWYOXOWRBRYBGXOYBO;16;;;;
YWWGXYROGOYGYXOYYBYWRGXBYBRWOORXWWBBGGGRXRWRORWBBXOBGO;20;;;;
OOOYXBGRRGRYGXOBYYRWWGXGRORGYGRXRWWBWYYBXWWWYBBBGXBOOO;18;;;;
ORORXORWGGGGOXWOORYBROXBBBBWGGRXWRYBWYYRXBWGBYYWYXGYWO;19;;;;
GBWGXRGORYYYBXOORBRWWBXWYBRGGOGXWWOBGRORXWWOBRYBYXYYGO;17;;;;
YRWRXBYYGOGROXYOWYGGROXRRWWWWOYXOBBWGWGGXBOBBBORGXRYYB;18;;;;
YRWRXYYYGOBROXYBWYGBRRXBRRBWOOOXWRYWGWGOXGOGYBGWBXGOWB;18;;;;
YWGRXBRWWOGGYXOYBRYBGGXRBYRRYWWXOWYOOGGBXRBWOYOBRXGBOW;18;;;;
YYWRXWRBGOGGGXBYOBYRRWXBYYBWOOOXBRRBGGGYXWWOORRWYXWBGO;18;;;;
OOGGXWYYWGWROXBBWBGGGYXOYRWRRWWXOBBOOYYBXGBYYRGRBXRORW;20;;;;
YYGOXBGWWOBYOXYOBBRGGOXRYBBRYWYXWRGBOGGRXGWWBRWWRXRYOO;20;;;;
GRGGXOYRGYYROXROWBGWRBXWYBRWGWBXWWOOOYOOXBBRBRYBGXYYGW;19;;;;
OBOBXYGRRGYYGXRBYYRWWGXBRBBGOGRXYROOWOYRXWBOYBWWGXWOGW;14;;;;
GRGYXGYGWYORRXGBOBGOGYXGYBRRWWRXWWBBOYORXBWBYRWBWXOOYO;18;;;;
OGOBXOGRGGYYGXWBBYRYROXYRWWWGGGXYBBOWRYOXWBBYBRROXROWW;18;;;;
OOOOXORRWGGGGXWOYRYYGRXWBYWRBGBXRBGWWWYBXWOBBYORGXRYYB;16;;;;
OOOOXYYYGGGRYXBYWBGGRYXBYRBWOGRXORWOWWYBXRBWORGWBXGBRW;20;;;;
GGOWXYYBGYORBXRBWBGORGXYYGWWRGGXRBRWWOOBXYOYYRWRBXWOOB;18;;;;
OGWOXWRBRGGGGXYOBBYOWOXWYWWGOOBXYBYWGRYRXWOBBRRRRXGYYB;19;;;;
OYORXGRGGGGGWXYYBBYOROXWYWWWYGBXYBBBWBYRXOWGORRRRXOBWO;17;;;;
YOGOXWRBWOBGRXGYOYYRGYXRRBBRRWYXORYOOYGGXGBGOBWWWXBBWW;12;;;;
YOGRXGGRGOGYWXBYORRYRWXBBBBWYWRXGRGOOYGWXRBOOYYWWXOBBW;16;;;;
GGWBXORBRYYGYXBYOYYOWWXRRGRGGOWXWWBWGROOXROGOBYBYXRBWB;20;;;;
OWOWXOGBRGOYGXOOOBRRWBXWYYBGGGGXWRYBWBYRXYWRBRRWYXBYGO;16;;;;
GRGGXBGWWYYYOXWYOYRGGOXYRRBRWWBXRRRBOYOBXBWOOBGWYXWBGO;19;;;;
GGGYXOYWWYRRWXYOBBGGGOXYYGWRBWBXBBGOOOOWXOBWBRYRRXRYRW;20;;;;
YOWYXGGYGOOYYXBBBBRBRWXGYGRWWORXWWBBGWGRXRWOYRYBRXOOGO;19;;;;
GRWGXOGWWYYYRXBBRRRGGWXYBWBRBOBXRROWGWOGXBOOYYOWYXYOGB;18;;;;
YYGWXBGOWOOYGXRORRRYGBXGBBRRWWRXOWBBOGGGXWWYBYYBWXOYRO;18;;;;
GWGWXOYRRYORBXROBYGWWGXBRBBGGWRXYRRWOGOOXWOGBBYWOXYYYB;20;;;;
YYWOXGRBROBGWXRBGRYRWGXWBWWGWOBXYBYBGGGRXOWYYYRROXBOOO;17;;;;
YGOWXRRRROOGYXBYOYYWWYXBRGBGBGOXRRWWWOGGXROGOBYWYXBBWB;20;;;;
YBOBXYYGGOYRYXROYYGORGXBRWBWOGRXGRROWOGWXRBBBBOWGXWYWW;17;;;;
GBWWXBRRWYOGYXBYGBYWGYXBYYBRWOOXORYBGROGXOWGORRWRXGBWO;20;;;;
GWWWXGRBWYRGOXYOYBYRGOXGYYBRWORXBROOGBOYXBBOBRRWGXWYGW;19;;;;
YRGBXGROGOYGWXGBWBYYRYXBYRBWWWOXORRBOYGGXOWRYRGWBXWOBO;16;;;;
GWOGXOGRGYYYWXRYRBRWRGXYYORWGGBXGWOBWBOWXOWRORBBYXYBBO;20;;;;
OOOYXRRBWGRGGXGYGYYRGYXBRBBRGGOXBROBWWYYXWWWOBWWOXYBRO;14;;;;
GGGRXYRWRYGGBXWBYRYBWRXBBYRGRWOXRWWBOOOBXYWWYYOBGXGOOO;20;;;;
ORGYXGYGGGOROXRBYBGORGXWYWBWWWBXBRRWOYYYXBORYROWGXWOBB;17;;;;
OOOOXOYYWGGRGXBYRBGGGYXWYRWRBGBXWBBWWYYRXWOWORGRYXRBOB;20;;;;
OOOYXRYWWGORWXOORYGGGGXYRBBRGGGXRRYOWWYBXRBOBBWWYXBYBW;19;;;;
GOOWXRGWGYRYYXRBYBRGRGXGYORWBGOXYWWOWWOOXRBBYRBBGXBOYW;17;;;;
GWOGXYGGWYYYRXBBOBROGYXGYOBRRGRXYRWWWBOOXBOWYRBWWXGORB;17;;;;
GRGBXGYYRYYROXBBBBGGWWXGYYBGWWOXRROBOWOGXBWYYRRWRXWOOO;20;;;;
OBWWXGGGWGOYBXBBRRROGWXOBOBRWOYXWRGWGRYRXYOGYYBWYXROYB;14;;;;
GYGBXGROGYYGRXYBWRYYRRXBBOBWWWOXWRGBOGORXBWWYYGWBXROOO;19;;;;
OWWRXRRYGGGGWXWBRRYGRRXWBOWWBOBXOBYBGGYBXOWYYYGRYXBOOO;16;;;;
GBORXBRRGYGGGXWOYRYYRRXGBYWWWGOXRBOOWOOBXWBBBYORGXWYYW;15;;;;
YYWOXRYWROBRBXBBBRGGWYXOBWRGGOWXYWGOGGGOXWBYYYRBRXOORW;13;;;;
OOOGXYGGRGWYOXRBWRROWBXRBGRGOGWXRWYWWWYGXBOYYYYBBXBORB;15;;;;
OWWGXYGOWGWYGXWOORRWGRXGBBBRRORXORGOGBYBXYBRBYYWYXOYBW;17;;;;
OWWYXWYRWGRRGXOYYBGWGBXGYRRROOOXYWWWGBYOXYORORGBBXGBBB;19;;;;
GWWYXYYWGYRRBXOBBYGBRGXGRWRWOORXGWROGGOYXYBRYBOBOXWOBW;16;;;;
OOWWXBYRWGORWXRYGBGYGGXYYGWRWOGXBBBWGYYYXROOORWROXRBBB;19;;;;
GGORXGGOGYBYYXROORRWRGXYBBBWYGBXORRWWOOBXROGBYWWYXWYWB;20;;;;
YOOBXWGGGOYYGXBBOYRRRWXRROBWRGYXGRBBWWGYXWWOYBBWYXROGO;17;;;;
YOOYXGGWWOOYOXBYGBRGGWXBYWBRYGRXORYOWWGBXGBYORRWRXBBRW;20;;;;
OWGOXWRWWGGGGXYOGBYGGOXOYBWRRWWXOBROOBYBXYBRBRYRRXYYBW;16;;;;
OOOOXBYOGGBRGXWOGYGYRRXWROWWYGBXGBRWWWYWXYORBBGRRXYYBB;15;;;;
OWWYXOYGGGRRBXBBGRGORWXBBWBWBORXYROOGGYOXYBGYYRWRXWOYW;17;;;;
GROGXBGBRYYYGXROOBROWGXOYYWGWGWXOBYWWWOGXWORBRRRYXBYBB;17;;;;
OGWOXWGRRGGYYXBOBRRWWWXWBBRGOOGXYWYWGRYOXRORBYYBOXGYBB;18;;;;
GWWGXYGWWYYYRXWYRRRGGOXYBOBROOBXORBWGBOBXGOWOYGWYXRBRB;19;;;;
YWWBXRRRROWGOXYOGYYYWOXYRWBGGOGXBRROGGGYXBBRBBOWOXWYBW;16;;;;
YYGBXRYOROWROXWYRRGYWRXYBWWGBWBXOBWOOGGBXGBROYORYXGBGW;14;;;;
YWWRXWYOGOBRYXRBWRGYRGXYBGBWROBXOROWGGGGXROOYYYWBXWOBB;17;;;;
GBGBXYRRRYWGOXOYYBYWWBXWYBRGRWGXWWGBOROOXGWYORYBGXRBOO;16;;;;
OBOWXOGWGGOYYXBBYYRBRYXRRRWWGGWXYBWOWRYOXRBOYBGRGXGOBW;17;;;;
ORORXORYGGGGGXOOWBYBRGXOYYWWBGYXGBBBWWYWXYWWBRRRBXRYOO;19;;;;
GBOBXYYBGYWRGXOYYRGRRGXOBWWWRGWXGBGWWOOWXYOYOYRRBXRBOB;16;;;;
YGWYXBRRGOOGOXBYBBYYRYXOYGRWWOWXGWBOGRGWXGBWORYBRXOBRW;19;;;;
GGWBXWGGGYYYBXYOOBRORRXBYGWWOOOXWBBOGRORXWBGBRYRYXRYWW;19;;;;
GOOGXBGGWYYYRXWBRBROGRXBYOWRWGRXGBYWWWOWXGOYYRBRYXBOOB;20;;;;
YBWRXGROROGGGXWYRRYYWRXOBBRGYOWXBWBBGRGWXWWOOYYBYXOBGO;17;;;;
GBWOXRYOWYGRYXWOWBGWGRXYYYRRGOGXBWWOGROYXOBOBRRBBXGYBW;16;;;;
GOOOXWYRWYBRYXGBBBGYGWXGYBWRRGOXBBGBWWOWXOWGYRYRRXROYO;20;;;;
YRGYXBYYGORROXGYGBGGRWXWYWBWYWBXRROBOWGBXGWOOROWRXYBBO;18;;;;
YOORXGYBWOBRWXRBWBGOGGXRYORRYGWXBWWWWYGYXOOYYRGBGXBORB;19;;;;
YGWYXBYOWORRGXWYYRGWGRXYBYWRWOBXOBBWGRGGXWOOOYORGXRBBB;20;;;;
GWWYXGYGGYRRBXOBRBGRRGXBYGWWYORXYBBBGBOOXYWWYRWRWXOOOO;20;;;;
GYWRXORRRYGGRXWYORYYWOXYBWWGBOGXOBWOGBOGXBBBOYRRYXGBWW;17;;;;
OBOOXBGOWGGYWXBBRRRWGYXGBGRRWGRXGWOBWRYWXRWOYYYBYXYOBO;19;;;;
YBGWXGYYGOOROXYOBYGBROXYRWRWWWGXBWGBORGWXGWYBBRBOXRYRO;19;;;;
OWWRXORGGGGGBXGOBRYORYXOBWWWBOWXYBYOGGYOXWBYBYRRRXBYRW;13;;;;
OOWYXRRRRGRGGXOBYYYWWBXBRBBGGORXBRGWGYYYXWOWYBWWGXOOOB;17;;;;
YGGRXWRYROGGRXYBWBYBWRXBYYBGOWOXGRRBOOGYXBWGYROWBXWOWO;18;;;;
YGGWXWROWORGRXBBWBYYGYXRYGRROWYXOWWOORGBXBBOYRYBGXBOGW;14;;;;
OOOBXYYBRGYROXRYRYGRWGXBRWBGOGOXGRWWWWYYXGOGOBRWYXBBWB;15;;;;
OWWWXBGRGGOYWXBOBBRYRYXGYORWWORXGWBBGGYYXRWYBRGBRXOYOO;15;;;;
GROGXWYGWYWRBXYOYYGOGOXYRRRRRGGXOWBBWYOBXWWWBBGBBXRYOO;20;;;;
YYOWXOGBGOOYBXYBRYRORRXBRRRWGGRXYWYOWGGOXWBGYBGBWXBOWW;18;;;;
GOOOXWRBWYGGYXBBYBYRGWXYYOBRRGBXGRGWWWOWXROYYRBWGXROOB;18;;;;
OBGOXGRGWGBGRXBYOBYOGYXRYGBRWWYXYRROORYOXGBBORYWWXWBWW;17;;;;
OYOOXRRRRGGGOXRBRBYYWBXOYGWGGGYXWBWWWBYOXBOBYRYRWXGOWB;16;;;;
OBGGXBGOWGWYGXOBRBRWGBXGYYWRYWRXBBOBORYWXYWOYRRRWXYOGO;14;;;;
YWWRXBYOGOBRYXRBORGYRGXYBOBWWOBXGRRBGGGYXRWOYYBWWXWOGO;11;;;;
OGOYXGYBGGRRRXBYOBGRRYXWYYRWYGGXWWBBWOYRXGWBOROBWXOBWO;17;;;;
YBGGXRRYROYGWXYYBBYBWOXRYOBGGWYXGRWWOOGWXROWORGWRXBBOB;20;;;;
GWOBXOGGGYYYWXYYRRRRROXYBOWWGGGXYBBOWBORXOBGOYBRWXRBWW;18;;;;
OGWRXYRRWGBGGXOYWYYWGGXORBRRROWXYWWWGRYOXYOOOBYBBXGBBB;15;;;;
YWGYXORWWOOGBXOBGYYGGGXRRWWRBWYXGBBBOBGYXYWWYBRRRXROOO;20;;;;
OYWWXYRBGGOGGXROWYYORGXRRRRWROWXGWOOGBYYXWBOBBBBBXYYGW;19;;;;
GROGXGYGRYYRBXRBRBGOWBXBYBRGWGOXYWGWWYOOXYOWYRWBWXROOB;17;;;;
OWGWXGGORGRYYXOOBBRYWGXWYRRGYWGXOWOOOBYBXRBBBRGBRXWYYW;19;;;;
YBORXGYWWOBROXYYGRGGGOXRBBRRYGYXWWOOWOGRXGBBOYYBRXWBWW;17;;;;
OBGWXGROWGRGRXBORRYYGWXOBRRRWWWXBWGBOOYYXGWGBYBBYXOYYO;17;;;;
ORWRXWRYWGGGGXYBBBYBGRXWYGWROOBXOBOBGWYBXYWOYRWRRXYOGO;20;;;;
OWWBXOGYRGYYWXRBRYRGWBXGROBGGORXBRRBGGYWXOWYYBBWYXWOOO;17;;;;
OYWOXWYOGGGROXRYWRGYRBXRBRBWOOYXGRRWGBYWXBOGOYGWBXWBYB;16;;;;
YOORXGYRWOBROXGBBRGYGWXYBBBRYGBXWRGWWWGRXGOYYYWWOXROOB;16;;;;
OOWGXYYBRGWRGXWYBRGOWRXOBBWGROWXBBGBGYYWXYWOOYYRRXRBGO;14;;;;
YWWYXBRBGORGOXWOYBYRROXBYYBWYOOXRRROGGGGXGBBBROWGXWYWW;13;;;;
GOWBXOYWWYWRBXRBBBGGGGXRYGBRBOYXWROOGWORXYBOYRYWRXYOGW;13;;;;
GWWBXWRYRYWGRXGBBBYBWYXGYWWGOOOXRBRWGGOGXBOYYRRROXYOOB;20;;;;
YYGRXYYOGOGRBXWOWRGYROXRBORWRWWXRWBBOGGBXWWBBYGBGXOYYO;20;;;;
GWWRXBRYGYGGBXWOOBYGROXGYWWWYOOXOBROGGOBXWBRBRRRYXYYBW;18;;;;
OBOOXYYWWGGRYXRYYYGBGGXWRWRROGGXWWYOWOYRXRBROBOBBXGBBW;17;;;;
YGOBXYRWROWGWXROYRYGWBXGBWWGRGOXOBOOWRGBXOBBBYRRGXYYYW;12;;;;
YWWRXWYBGOBRBXOBRYGORGXWRRWWOOBXGBOWGGGYXYOYYBGRWXYORB;16;;;;
YYORXRGWWOGYYXWYRYRGGOXGROBRBGOXWRWOWBGRXOBGOBBWYXBBYW;17;;;;
YGOBXYRWROYGWXGBBYYBWYXGRWWGRGOXGBBWWRGWXOOYYBRROXROOB;20;;;;
YYOBXWGGWOYYWXYBBBROGRXBYRRRRGOXYWWOWGGOXOBBYRGBRXGOWW;20;;;;
GBGRXORRRYGGWXGOOYYWWWXRRBWGGWYXBBBWOOOWXOOGBBYRYXRYYB;20;;;;
OOGRXWGWWGBYGXBBWBRGGYXOYRWRRWWXOBROOYYBXYBOYRGRBXYOGW;20;;;;
ORGYXORWRGOGGXOYGYYGWGXRRRWGBWYXBBYBOWYWXYWWOBBRRXBBOO;18;;;;
GOORXRRWWYGGOXBOORYGGWXGBWWRBGOXGBYWWWOYXBOYBYRRYXBYRB;20;;;;
OYOBXORRWGYGWXYBWYYYGOXGRRRRBGRXGWRWWGYWXOOOYBBBBXWOGB;20;;;;
YWWGXWGGWOYYWXGYRRROGWXYBOBROOBXRRBBGBGGXRWYOYBWYXRBOO;20;;;;
YGGYXGRRGOOGYXBBGBYWRYXWYORWWWBXRWOWORGBXROGYRBBOXWOYB;18;;;;
OOGGXOYRRGWRRXOYBBGWWGXYYYWGBWBXBBYBOYYWXGWWORRRRXGBOO;20;;;;
GBOYXOYYRYRRWXWBBYGGWRXWRGWGGGBXRBYBWROGXOWYYBWROXBOOO;20;;;;
GOOWXBRWWYRGYXGBBBYGGYXGYYRRYGOXBWBBWWOWXRWRYROBOXROGO;20;;;;
GGWRXORYGYBGOXGOOBYBRYXOYWBWBOWXGRROGROWXGBBBRRWYXYYWW;12;;;;
YRORXGYOGOBROXRYWRGYRGXRBBBWYGYXGRBBWWGWXGWWOYYWBXOBOO;20;;;;
OOWOXWGOWGBYGXOOBBRWGGXGYYRRRORXBWYOGYYYXWBBBRRBRXGYWW;20;;;;
GOWRXBGRRYGYOXYYWYRWWRXORGWGYOWXGBBOGYOYXBBOOBWRBXRBGW;18;;;;
YGOYXWRRGOOGBXRBRBYYRBXBYGWWOGOXGBGWWRGWXYOBYRYRWXOOWB;14;;;;
GOWWXGYRWYRRBXOYGRGYGGXOBBWRYOYXGBBWGWOWXWOOOYYRRXRBBB;17;;;;
OOWWXGRORGRGRXBYBBYWWYXWYBBGYOGXORGOGYYBXGBYORWWRXOBRW;20;;;;
YWWBXGGBROYYWXYBBYRRWRXGRBBGYOOXYRGOGGGOXOBWYBWWOXRORW;19;;;;
YYOWXOROGORGRXBYWBYWRWXOYBWWGGYXYBBWWGGRXGOOORYRGXRBBB;20;;;;
OOWOXRRRRGGGGXWYYBYYWRXYYRRGBOGXBWBBGWYWXWWYORGBBXOBOO;20;;;;
YGGYXYRWROOGOXWYYRYBWOXWBBWGRWGXOBBOORGBXGBWOYYRGXRBRW;20;;;;
YBOWXOGWGOOYGXGYBBRBRWXRYBRWGGWXYWGWWRGOXYOYORYBOXRBRB;20;;;;
GWOGXWGWWYYYYXYYGRRBGOXGBBRROGRXRWBOWGOBXRBWOYYBOXOBRW;18;;;;
OBGBXRRRRGYGGXOBWBYYWGXRYGRGGWWXYWBOOOYOXYBWYRWBBXROOW;17;;;;
OYWRXORGRGGGBXBORBYOWYXWYWRGBOGXYWOOGGYOXWBRBRRBYXWYBW;19;;;;
YBGYXYYWWOORBXBBORGGGWXGBRBRRWOXORROORGBXYBGYYGWWXWOYW;18;(up,2,1),(up,3,-1),(up,4,-1),(down,4,1),(down,3,1),(down,2,-1),(down,4,1),(up,1,-1),(up,3,-1),(down,4,-1),(down,2,-1),;352;11;432.9146113
YYOYXWGGWOOYWXBBWBROGWXBYYBRRGRXORGOWBGBXOBGYRRWGXROYW;16;(up,3,-1),(up,4,-1),(up,2,1),(down,2,-1),(down,4,1),(down,3,1),(down,2,-1),(down,1,1),;100;8;139.3856821
GWOBXYYGGYYRRXROOBGORGXWYOBWRGGXWRYWWBOOXBOWBRBWYXGYRB;15;(up,1,-1),(down,4,-1),(up,4,1),(up,3,-1),(down,3,1),(up,4,1),(down,1,1),(down,2,-1),(down,3,-1),(down,2,1),(up,1,1),(down,2,1),(up,1,-1),(down,2,-1),;184;14;235.6696529
YBGYXGROGOOGOXWYGRYWRRXRBOWWYWYXGBYOORGWXGBBOYBRRXBBWW;12;;-1;0;909.2304335
GRWRXYGYWYBYYXBBWYRBGWXGRGWROORXOBBBGWOGXRWWYBYRGXOOOO;15;;-1;0;981.2144969
GWOWXRGBRYOYYXOOYBRRWGXBYGRGGGOXWWRBWBORXOWBBRWBGXYYYO;15;;-1;0;978.1686826
YBGYXGYBROOROXRORYGRWGXWRBBGYWGXWRYBOOGRXGWWBBWWYXBYOO;20;(down,2,1),(up,2,-1),(down,3,-1),(up,4,-1),(up,1,-1),(down,4,-1),(down,4,-1),(up,3,-1),(down,4,-1),(up,3,1),(down,4,-1),;282;11;323.0661845
OOOYXWRBWGOGYXOBWRYRGGXGBBRRRGRXOWWOWWYBXRBGYYYBBXGOYW;16;(down,4,1),(up,1,1),(up,3,1),(down,3,1),(up,2,1),(down,1,1),(down,2,-1),;86;7;116.5189722
YOWYXBYBWORRGXOBWYGOGGXBRBBRYORXWROOGYGRXYBRYBWWGXWOGW;17;;-1;0;943.4204133
YYWYXWGOWORYGXBOBBRWGWXGYORRRORXYWYBGGGOXWWOBRBBRXBYGO;14;(up,2,1),(down,2,1),(down,3,-1),(down,1,-1),(up,3,1),(down,4,1),(up,3,1),(down,3,-1),(down,4,1),(down,3,1),;128;10;163.1709237
YRWYXGYBWOORGXBYOBGOGYXGYWWRYORXBBBBGYGWXWWOORRRWXRBGO;20;(down,2,1),(up,2,-1),(up,4,1),(down,3,-1),(up,3,-1),(up,1,-1),(up,2,-1),(up,4,1),(down,1,-1),(down,3,-1),(up,4,1),(down,3,1),(up,4,1),;591;13;687.0849407
GOOOXYYYRYBRGXYORRGBWOXGBRWGRGOXGBWWWWOWXYORBYGRWXBYBB;14;;-1;0;1057.431168
GGWWXBRBRYRGWXGOORYRWYXWBBRGWOGXOWBBGROGXOWYBYYBYXOYRO;20;(down,4,-1),(down,1,-1),(down,3,-1),(up,1,1),(up,3,1),(up,2,-1),;72;6;97.19877386
YROBXOROROYGBXWYBBYYWRXBYRBGGGRXWRYWWYGOXWOGORGWOXGBWB;18;;-1;0;934.3270011
GGWWXBRRRYRGWXROYRYYWBXWBYRGWOGXOWBBGROGXOWBBYOBGXOYYO;20;(up,3,1),(down,4,-1),(down,1,-1),(down,3,-1),(up,1,1),(up,2,-1),;72;6;96.15054631
YGGBXORRGOYGOXWOOYYYROXYRWWWBWGXBBBOORGWXGBGBBRRYXRYWW;19;;-1;0;1013.315396
YBOYXBYOGORRGXROYYGYRGXRRWWWWGWXOBBBWOGGXWWBBBORGXRYYO;20;;-1;0;952.1421824
OROBXWYYWGYROXRBWYGGGGXBRGBRRGRXOROBWYYGXBWWYBWWBXYOOO;17;;-1;0;1008.819791
YWWYXBYYGOORWXWOGRGGRRXBBBWWWOOXYBBBGGGRXOWRBYYROXRYGO;17;(down,1,-1),(down,4,-1),(down,2,1),(up,3,1),(up,1,-1),(up,4,1),(down,3,-1),;86;7;118.9632194
GWOYXOYYWYRRRXRBWRGGGBXOBOBRGGYXBROOWBOYXGBWYYBWGXWORW;17;;-1;0;1056.040782
YGWGXBRRGOWGYXWYRBYYROXWYGWWYOBXOBGOGRGBXOBRORYRWXOBBW;18;;-1;0;999.0660934
YBWOXWRRGOBGBXYORBYYROXWYGWWOOBXOBGWGRGGXYOGBRYRWXRYWB;15;(up,3,-1),(up,4,1),(up,1,1),(down,4,1),(down,2,1),(down,1,-1),(up,1,1),(up,3,-1),(down,4,1),(up,1,1),(up,3,1),(up,1,1),;226;12;291.2258098
YYOBXOGOWOWYOXBOOYRWGYXGRYBRGGRXWRBBWGGRXBWGBBRWYXRYWO;20;;-1;0;1015.094628
GRWRXOGGWYBYBXGOORRRGWXYBWBRBOBXORROGWOGXWBGBYOWYXYYYW;15;(down,1,-1),(down,4,-1),(up,4,-1),(down,3,1),(up,1,-1),(up,3,1),(up,2,1),(up,1,1),;100;8;136.7421033
GOOWXRRBRYRGYXGBBRYRWYXGBBRGGGOXYWWOWWOOXRBBYYYBOXGOWW;20;(down,3,1),(down,4,1),(up,1,1),(up,3,1),(up,2,-1),(down,1,1),;72;6;96.19230461
OBORXBRBGGGGOXWORRYRROXRBYRWYGWXGWWOWOYYXGBBBYOBYXGYWW;19;;-1;0;929.2345221
GWWGXWGYRYYYWXBOORRBWWXGBOWGROOXRBBBGGOGXOWYBYBRYXRYRO;19;(down,4,-1),(down,1,1),(up,2,-1),(down,1,1),(up,4,-1),(down,3,-1),(up,3,1),(up,4,-1),;100;8;133.4721212
OYOYXYGGRGRYWXWOYRRRWRXGBBBGOGOXRRWWWBYBXOOOBYWWGXGYBB;17;;-1;0;914.4405696
YBOBXBRBGOWGRXOORRYRRGXRBYRWYGWXGWYBWOGWXGWWBYOBYXGYOO;20;(down,2,-1),(up,1,1),(up,3,1),(down,1,1),(down,3,-1),(down,4,1),(down,2,-1),(down,4,1),;100;8;131.9054587
YGWYXGYBGOORBXWBBBGOROXRYGWWWOYXBBRBGRGWXYWOYRYRRXWOGO;20;;-1;0;953.2907312
GOWYXBGBRYOYGXYOGYRRWRXRRBBGYOWXRRBWGWOGXYOGBBWWOXOYWB;20;;-1;0;966.8576772
GBOBXGYRRYYRRXRBWBGWWGXGYYRGYGOXGWOOWOOWXBBYYRRBBXWOOW;20;(up,2,-1),(down,1,1),(down,4,1),(down,3,1),(up,1,-1),(up,3,-1),;72;6;97.68128037
OWOWXRRRRGRGOXGBBYYYWYXWRWBGBGGXRRYWWBYGXGOYYBOWOXBOOB;17;;-1;0;941.1328523
GGWGXBGRRYYYBXYOBYRWWOXORORGWOWXOWWBGROGXYWYBBBBRXGYRO;18;;-1;0;1044.725855
OYOGXBGGGGWYWXOYORRRRBXRBBBWWGYXORRWWGYGXOOROYYWYXWBBB;19;;-1;0;984.5237231
YYOYXBYWWOOROXRYGBGGGGXOYYRRYGWXWWBOWGGRXBBBORRBOXRBWW;20;(down,2,1),(down,1,1),(down,3,1),(up,2,1),(down,2,1),(up,1,-1),(up,3,-1),(down,2,-1),(up,3,1),(down,1,1),(up,3,-1),(down,1,-1),(up,3,1),(down,1,1),(up,3,-1),(down,1,-1),(up,4,-1),(down,3,-1),(up,4,1),(down,3,1),(down,1,1),(down,3,1),(down,1,-1),(down,3,-1),;606;24;731.4999588
OYOWXOGGWGOYGXWOOBROGRXGYYWRBGRXBBYBWBYWXWWRBRRRYXGYBO;13;;-1;0;985.4395795
GOGOXOGWGYGYGXROORRBRBXYBGBWBWBXRRROOWOGXYBYBYWWYXWYRW;15;;-1;0;966.6183405
GGWRXWYRRYBRRXGBBYGYWWXYRBRGROGXYWOOGOOOXGBBYBYBOXWOWW;18;;-1;0;925.6298051
YYWOXYYOROBROXGOGBGYWWXWYWRGROBXWWYWGBGOXGORBRRBRXGYBB;14;(down,2,1),(down,4,-1),(up,1,-1),(up,3,-1),(up,1,-1),(up,2,-1),(down,2,-1),(up,1,1),(down,3,1),(down,1,-1),(down,2,1),(down,3,-1),;366;12;449.4588895
OYGRXGRGGGGGWXBOYRYORWXBBYBWWWRXWRBBOBYRXOWYBYOWGXOYRO;19;(up,3,1),(down,4,-1),(down,3,-1),(up,4,-1),(up,1,-1),(down,2,-1),(up,1,-1),(down,4,1),(up,3,-1),(down,4,-1),(up,3,1),;142;11;177.6900446
OYGRXGRGGGGGWXBOYRYORWXBBYBWWWRXWRBBOBYRXOWYBYOWGXOYRO;19;(up,3,1),(down,4,-1),(down,3,-1),(up,4,-1),(up,1,-1),(down,2,-1),(up,1,-1),(down,4,1),(up,3,-1),(down,4,-1),(up,3,1),;142;11;177.1510577
GRGOXRGRGYGYOXRBYYRYRBXYRGRWGWGXBWOBOWOWXBWWYBWBBXYOOO;19;;-1;0;1027.693945
YBOBXYGWWOWYOXBBBBRGGYXRYWBROGYXGRGOWRGYXGBWYROWOXRORW;13;;-1;0;930.9573507
GOGWXBRRRYRGRXGYWYYYWYXWROWGYWGXOBOBOWOBXGWROBGRBXYBBO;14;;-1;0;1039.997785
YRORXGYBROBRBXROOYGOWGXGRWWGYGOXWBWWWYGOXWOBBBRRYXGYYB;20;(up,2,-1),(down,2,1),(up,1,-1),(down,4,-1),(down,3,1),(up,4,1),(down,1,1),(down,3,-1),;100;8;134.2220163
YOORXYRBGOGGOXWYBRYRROXYBBBWRGGXGRRWWYGWXGOBOYWWOXWBYB;19;(up,4,-1),(up,1,1),(down,2,-1),(down,1,1),(up,3,1),(down,4,-1),(down,2,-1),(up,3,-1),(down,4,1),(up,3,1),;128;10;164.7832868
GWWWXBRRRYOGBXOBGBYWWBXRYGWGWOYXOBBWGGOGXYOYYRYRRXROOB;20;(up,3,-1),(up,2,1),(up,4,1),(up,1,1),(up,2,1),(down,1,-1),(down,4,1),;86;7;117.9147356
OOGOXGYRGGGRRXYYGYGWRRXORBRWYWWXOWYOOYYBXBBGOBWBRXBBWW;20;(down,2,-1),(up,4,1),(down,3,1),(up,4,1),(up,2,-1),(up,3,1),(up,1,-1),(up,3,1),(up,1,-1),(up,2,1),(up,1,1),(up,3,1),(up,4,1),(up,3,-1),(up,4,1),(up,3,1),(up,4,-1),;577;17;702.4159279
YOOYXRRYGOOGOXOOWRYBRGXRBGBWGGYXRRWOWWGBXBBWBYYWBXGYRW;13;(down,3,1),(up,3,-1),(down,4,-1),(down,1,1),(down,2,1),(up,1,1),(up,4,-1),(up,3,-1),;100;8;144.0955639
GBGRXRRRRYGGWXBOYBYWWYXWYYRGBWGXBWROOOOWXOBOBROBGXYYGW;15;;-1;0;970.0531852
GRGYXOYBGYRRWXRBWYGORGXWRRBWGWGXGRYBOWOYXOWYYBBWBXBOOO;19;;-1;0;930.2492514
YROWXOGBWOOYGXBORRRRGYXGBYBRBGRXGRWOWWGYXWBOBYOWYXBYGW;13;;-1;0;1001.141674
YWWYXOYOGORRBXRBRBGYRBXWYRWWBOBXGBOOGGGYXYBOYRGRWXWOGW;17;(up,3,-1),(up,1,-1),(down,1,-1),(up,4,1),(down,4,1),(down,2,1),(up,4,-1),(down,3,1),(up,4,1),;254;9;304.7964056
OBOWXORRGGOGRXGORRYWRYXOBBRWGGYXRWWBWOYBXGWGBYYBYXBYWO;20;;-1;0;959.1784494
GOWGXORWRYWGOXGOOYYBWYXBRWBGGORXRRRBGYOGXBWBBBRWWXYYYO;17;;-1;0;1002.442051
GOGBXGRRWYYGYXGYBBYYGWXGYOWRYWRXBBROOWOWXOBRORGROXWBBW;20;;-1;0;1016.637504
OWGYXOYWRGRRYXWYBYGGWRXYRWWGGWGXBBGWOBYYXOOROBOROXRBBB;19;(down,3,1),(down,1,1),(up,4,1),(up,1,-1),(up,2,-1),(down,3,-1),(down,4,1),(down,2,-1),(down,1,-1),(down,4,1),(down,2,-1),(down,4,-1),(down,2,1),(down,4,-1),;184;14;230.9175627
GYOOXOGRRYBYRXBBOBRWWYXBYYBGGGRXBRWOWGOWXGBWYRRWYXGOOW;20;;-1;0;963.118643
YWOYXORRWOOGGXGYYYYYGYXORORRBGWXRWROWBGGXWBROBGBBXWBBW;20;;-1;0;912.0659146
YYGGXRRWWOWGOXWOBBYBGRXRYGBRGWYXWRGWOBGOXBOYBRYWRXOYOB;16;;-1;0;918.5647538
YBORXWRBWOGGOXBYWBYOGYXRYYBROGYXGRRWWRGWXGOGOROWBXWBYB;18;;-1;0;1045.091986
YOOYXOGRROOYOXRYWRRWWBXRBBBGBGYXRRYOWWGGXGBGOYYWBXGBWW;20;(down,1,-1),(down,3,1),(down,1,-1),(down,2,1),(up,3,-1),(up,4,-1),(up,2,-1),(up,3,-1),;100;8;135.2995849
GWWRXBRRGYGGWXGYORYWRYXBBBRWWOOXRWRBGGOBXOWOOYYBYXYBGO;17;;-1;0;971.1724706
GRWBXGRWWYYGRXOBBBYGGGXGYBRRYORXWWOWGYOOXBOWYRWBOXYORB;18;;-1;0;989.1824906
GYOGXRRRWYWGWXGBBYYYGYXGRBBRGGOXRROOWBOBXRBWYBWWOXYOOW;17;;-1;0;1093.579432
YWWGXBRBROYGYXWBBRYRWOXOBOBGYOYXRRROGGGGXRBBYYGWOXWOWW;18;;-1;0;998.4777548
YGOBXWRGWOYGOXRBYRYOGBXRBBRRRGYXGWOOWRGWXBBYYYWBGXWOOW;19;(down,2,1),(up,3,1),(down,4,1),(up,2,1),(down,1,1),(down,3,1),(up,1,1),;86;7;119.3646543
OOGOXYRBRGGGRXBYWBYOWYXWYGWGRWBXWBBBOYYRXGWWORYRGXRBOO;20;(down,2,-1),(up,3,-1),(up,4,1),(up,2,-1),(up,1,1),(up,4,1),(down,3,-1),(up,4,-1),;100;8;130.1372788
OOOWXGYRRGORBXRBBRGWWBXGBGBGYGOXBRGWWYYYXWOYYYWWOXRORB;13;;-1;0;1041.46584
YOORXGRWWOGGBXOBBBYGGGXRYYRRYGYXRWROWWGBXYBBYROBOXWOWW;19;(down,3,1),(down,1,1),(up,2,1),(down,4,-1),(up,3,-1),(up,1,1),(down,4,-1),(down,2,1),;170;8;215.9671819
OBGOXBYYGGGRYXGBGBGGRWXRYWBWYWWXOROOORYBXRBBYROWRXYOWW;20;;-1;0;995.2221422
OYGGXBYGWGWRYXOBOBGOGBXRYRRRYWWXRWROOGYBXOBBYRGBWXYOWW;16;;-1;0;1034.04609
OBWGXRGWGGYYWXYBGYRGRRXWROWWBOBXYBYBGOYOXOWWYBGRRXBORO;20;;-1;0;1020.532949
OYOWXWGBWGOYGXOBRRRRGBXWBOWRRGGXBBGBWBYWXYWYYYGRYXROOO;19;(down,2,-1),(up,3,1),(down,4,1),(up,4,-1),(up,2,1),(down,1,-1),(down,3,-1),(down,1,-1),(up,4,1),(up,2,1),(up,4,1),(up,2,-1),(up,4,1),(up,2,1),(up,4,-1),(up,2,-1),;778;16;877.6614044
OOGRXRYGRGBRYXWBORGOWRXWBGWGGWBXBBBBOYYYXRWGYYWRWXOOYO;13;(down,4,1),(down,3,-1),(up,4,1),(up,1,-1),(up,3,1),(up,2,-1),(down,2,-1),;86;7;122.5752034
YRWWXYYYWOORBXRBBBGGGGXGYGWRROOXYBBOGWGOXYBBYRWROXROWW;18;;-1;0;987.1815476
YRGOXWYWWOBRBXOBBBGGGGXYYRRRRWGXBWOOOYGYXWBYYRGBRXWOOW;18;(up,2,1),(up,3,-1),(down,4,-1),(down,2,1),(up,1,-1),(down,3,1),(down,4,-1),;86;7;119.3634381
YRGRXGRRGOGGOXYBWYYYROXBRWBWYWRXORYWOWGBXGOGYBOWBXBOWB;16;(up,1,1),(down,1,1),(down,2,1),(down,3,-1),(up,4,-1),(down,4,1),(down,3,1),(down,4,1),(down,2,1),(down,1,-1),(down,2,-1),(down,4,1),(down,3,1),(down,4,1),(down,3,-1),(down,4,-1),(down,2,1),(down,4,-1),(down,2,-1),(down,4,1),(down,2,1),(down,4,1),(down,2,-1),(down,4,1),(down,2,1),(down,4,-1),(down,2,-1),;508;27;619.7487147
OOGOXBGWRGGYRXRBRRRGWBXOBBWGWWWXYBBBOYYRXGWGYYYRWXOOYO;17;(down,4,1),(down,2,-1),(up,2,1),(down,3,-1),(up,3,-1),(up,4,1),(up,3,-1),(down,1,1),(up,2,1),(down,1,-1),;268;10;341.1178954
OBGBXWGGRGYYBXYOYYRRWRXGRYBGRWOXGROWOOYWXWORBBOWGXWYBB;18;;-1;0;1087.734302
YYWOXYGWROGYRXGBBBRBWYXWYYBGOOGXRRRBGBGBXGWWYRRWOXWOOO;19;;-1;0;1002.304745
GROBXGYWGYYROXOOOBGBRGXBYGBWWGRXRRRWWWOGXBOWBRYWYXYYOB;18;;-1;0;1071.95288
OGOBXGRRGGYGWXOOBBYYRGXBYYBWYGRXGRWWWRYWXROWBROWOXBYOB;20;;-1;0;1027.648972
OGOOXYGRRGGYOXROYRRWWBXWBWWGOGBXGBYWWRYWXBOYBYORGXBYRB;20;(down,4,-1),(up,4,1),(up,3,1),(down,1,1),(down,2,-1),(down,1,1),(up,2,-1),(down,1,-1),;100;8;130.4800999
GYOGXOGGWYWYWXBOYYRRGWXORWWRBGYXOBRWWGOGXOORBBRRBXYYBB;19;;-1;0;1064.779824
YBGRXGRGGOGGBXWOYBYOROXRYBBWWWYXYRRWOOGOXYORBRWWGXWYBB;20;;-1;0;947.0867543
YYGGXRRRROWGBXOBWBYWWBXRYYBGBWYXWRGWOGGOXYOOYROWBXROGB;19;(up,3,-1),(up,2,1),(up,4,-1),(up,1,1),(up,2,1),(down,4,1),(down,2,1),;86;7;120.2536364
OOOOXYYYGGGRRXWBYYGGRRXWROWWRGBXRBOBWYYGXBWGYBBRBXWOWO;20;;-1;0;935.0416589
OOORXYRYGGGGYXOBBYYGRGXBRWWWOGRXGBYWWWYWXROBYBRROXBOWB;18;;-1;0;964.003511
OWWBXWYOWGYRGXOORBGYGBXRYBBROOYXORGWGGYGXYORBRWWWXRYBB;16;;-1;0;1056.554063
OOGBXRGBRGWYBXOBYRRRWGXWBOBGGWGXYROOOYYRXYBWYYBWGXWORW;17;;-1;0;1039.276656
YOGBXOYGGOYRYXYORYGRROXYRBWWGWGXGBBWOWGWXROOBBWRWXRYBB;19;;-1;0;964.2783215
OOOOXYGYRGGYBXROBRRGWBXWBBBGOGGXRRRWWWYGXWOWBYYWOXYYRB;17;;-1;0;981.0305893
YWWYXWROWORGYXRBYBYWGGXBYBBRROOXBRBWGGGYXOOOYRWWGXROGB;15;(up,4,-1),(up,2,1),(up,3,1),(down,1,-1),(down,4,1),(up,1,1),(up,3,1),(up,1,1),(down,2,-1),(down,2,-1),(up,3,1),(up,1,-1),(up,3,-1),;240;13;285.2892056
OOGRXWYGGGBRWXROYRGORGXRBBBWOWYXBRWBOYYWXRWOBYYWGXGYBO;19;;-1;0;920.2356336
YGWBXYROWOYGGXRBYYYWGBXGRWRRROOXYWWWGRGOXWOOYBRBGXBOBB;17;(down,2,1),(up,2,1),(down,1,-1),(up,3,1),(up,1,1),(down,4,1),(up,4,-1),(down,4,-1),(up,3,-1),(up,4,1),(down,4,1),(down,2,1),(down,2,1),(down,4,1),(down,2,1),(down,4,-1),;282;16;339.2630291
GGWWXBRORYRGWXGBBBYYWYXRYBWGYOYXOBBOGROGXOBGYRWROXROWW;13;;-1;0;1014.099112
YGWOXWYOROBRGXWBWBGYWRXWYYWGOOBXRBYBGRGBXYWOYRRRGXBOGO;13;;-1;0;957.1719277
OWWRXYRRRGGGOXROYRYWWBXGBWWGROOXBBYBGGYWXBWYBYORGXBYOO;18;;-1;0;953.5867047
YYGWXYYYRORRRXOYBBGBWGXOYORGRWWXBWWBOGGWXGWYORBBRXGBOO;12;(up,1,1),(up,3,-1),(up,2,-1),(down,2,-1),(up,1,1),(down,3,-1),(down,1,-1),(down,2,-1),(down,3,-1),(down,1,1),(down,3,1),;142;11;185.6660788
YWGYXBRRWOOGOXGYGRYYGWXBBGBRYWOXRRRBOBGBXGWWOYYWRXWBOO;18;(up,4,1),(down,3,-1),(down,2,1),(up,1,-1),(up,2,1),(up,4,-1),(up,3,1),(up,1,-1),(up,4,-1),;114;9;156.2995925
GGWWXBRRGYOGBXOBYRYYRBXWBWBWWOGXORBWGROGXYOYYYRWGXROOB;15;(up,3,1),(up,1,1),(down,4,1),(up,4,1),(up,2,1),(down,1,-1),(up,4,-1),(up,2,-1),(down,3,1),(up,4,1),(down,3,-1),(up,4,1),;226;12;273.9763649
YOOYXGGWWOOYBXOBBBRGGBXRYBBRYGYXWRGWWWGRXYOOYRWWRXROGB;20;(down,1,1),(up,4,-1),(up,2,1),(up,3,-1),(down,4,1),(down,2,1),;72;6;98.36145234
YROBXWYOWOYROXGBBYGWGYXBRYBRRGRXBRGBWYGWXGWGYBOWOXROWO;18;(up,4,-1),(down,3,-1),(down,2,1),(down,4,1),(up,1,-1),(up,2,1),(down,2,-1),(down,1,1),(down,2,1),;114;9;146.1472247
OOGWXYYORGRRGXRBBBGWWGXWYGWGRWBXBBGWOYYYXYORYRWROXOOBB;18;(up,4,1),(up,1,1),(up,2,-1),(down,4,-1),(up,3,-1),(up,1,1),(down,4,-1),(down,2,-1),(down,4,-1),(down,2,-1),(down,1,1),(down,4,1),(down,1,-1),(down,4,-1),(down,2,1),(down,4,1),(down,1,-1),(down,2,-1),(down,1,1),(down,2,-1),(down,4,-1),(down,2,1),(down,4,1),(down,2,1),;464;24;571.2348926
GGGBXRYYRYYROXWOWBGGWRXRYWBGGWYXYRWOOOOOXBBRBROWBXGYBW;19;(up,1,-1),(up,4,-1),(up,2,-1),(down,4,-1),(up,3,-1),(down,4,-1),(down,3,1),(down,4,1),;100;8;126.7649302
GYGWXGYBGYORGXOYWYGRRGXRRRRWYWWXYWOOOBORXWBOOBGBBXYBBW;20;(up,3,-1),(up,1,1),(up,3,1),(up,1,1),(down,2,-1),(down,4,1),(down,3,1),(down,4,-1),(down,1,1),(down,2,-1),(down,1,1),(up,1,1),(down,2,-1),(down,1,1),(up,1,-1),(up,3,1),(up,1,-1),(up,3,-1),(up,1,1),;744;19;930.4159222
YYGOXRGRROBYBXRBGRRWWBXOBBBGGWYXYRWBOGGRXWWWYYYWOXGOOO;20;(up,4,-1),(up,2,-1),(down,3,-1),(down,4,-1),(down,2,1),(up,3,-1),(up,4,1),(up,3,-1),(down,4,-1),(up,3,-1),(up,4,-1),(up,3,1),;507;12;579.4184537
GYWBXWGWGYYYGXOYOYRBRGXBRRWWRORXYBRBGGOOXWWOOBGRWXYBBO;15;;-1;0;936.8471773
GWWWXWYYRYRROXGYBBGBWYXGYOBGOORXYROOGGORXBBBORGWRXYBWW;18;;-1;0;1035.579898
OOGRXWRORGGGBXROYRYWWBXWBOWGRWGXOBYOOYYBXWBYBYGRGXBYRW;16;;-1;0;982.4883914
OYWBXGYGRGWROXBBOBGRWYXBYWWGWOOXYBOWGGYRXGORYRRRYXWOBB;20;;-1;0;1008.422969
YBOYXWRYWORGRXYBORYBGOXGBGRRRGRXGWWWWOGWXBOOYYYBWXBOGB;19;;-1;0;1001.124945
ORWOXOGWRGGYGXBYBBRBWYXOYGWGBOWXYBROGWYOXYBRORWRRXYBGW;14;(up,4,1),(up,3,-1),(down,1,-1),(down,2,-1),(down,3,1),(up,2,1),(up,4,-1),(up,2,1),(up,4,1),;114;9;145.6914122
OGGWXBYRRGORRXBYGBGWWYXRYOBGWWYXYRWBOOYOXBWGORBWRXGBYO;14;(up,4,-1),(down,1,-1),(down,3,-1),(down,2,-1),(down,1,1),(up,2,-1),(up,3,1),(up,1,-1),(up,3,1),;114;9;154.2123442
OOWWXRRYRGOGGXGYWBYBWWXGYYBGBOOXWRGWGYYRXYOOORRWBXRBBB;19;(up,1,1),(up,3,-1),(up,2,1),(up,4,-1),(down,2,-1),(down,1,1),(up,2,1),(down,1,1),;170;8;204.1346207
YYOYXWGWWOOYWXOYRRRBGBXWBBRRRGGXRWGBWGGBXOWROYYBYXOBGO;18;(down,2,1),(up,3,1),(up,4,-1),(down,3,-1),(up,2,-1),(down,1,1),(up,4,1),(up,2,-1),;100;8;135.5644968
OBOWXOYRGGORRXWOYRGYRRXYBYWWGGGXGBBWWOYWXGOBBYORBXRYWB;19;(down,2,-1),(down,1,1),(up,3,1),(up,1,1),(down,4,-1),(up,4,-1),(up,3,-1),(up,4,-1),(up,1,1),(up,3,-1),(up,1,1),(up,3,1),(up,1,-1),(up,3,1),(down,2,1),(down,2,-1),;283;16;322.5643866
GBOBXWRGWYYGRXGOORYOGYXOBRRRRGYXGWWWWOOWXBOYBYGBWXBYRB;20;;-1;0;991.1212397
YOWBXRGGROYYOXYORBRRWOXWYYWGBOGXBBYBGWGWXBWOBRRRWXGYGO;19;;;;
GBORXGROGYGGOXBOWYYWRYXGRYBWYGOXYRRWWRORXBOBBBOWGXWYWB;19;;;;
OYWRXRRGRGBGGXYYOBYOWOXRYYRGGOWXBWBBGBYWXWWGORRBWXOBYO;20;;;;
OOGGXWYYWGWRRXOBBBGBGGXRYGRRRWYXBWGBOYYWXBWWYRYBOXROOO;18;;;;
YRGOXGYRROBROXYOWRGWWOXYBGWGYWBXWBGWOYGOXGORBYWRBXRYBB;16;;;;
YOOYXBRGWORGGXGOGYYOGYXRRORRWGWXRWOBWWGBXWWBBBBBRXYYYO;18;;;;
OGGOXWRORGBGOXGORYYYWYXBRBBGOWRXYRWWORYRXGOBBBWWWXGYYB;15;;;;
ORWOXWGWWGGYOXBOYBRGGYXGYYWROORXBBRWGWYWXBORBRORGXYYBB;20;;;;
OYOOXOGRGGBYGXGBGYRYRWXORWRWGGYXRWOOWBYBXYBBYBRBRXWOWW;17;;;;
OOWGXWGGGGWYWXBBBRRRRWXYBYBWOOGXRRYBGYYBXRWOYYRWOXBOGO;19;;;;
OOGBXWRBWGYGYXOBORYRGGXGBOBRRWRXBRWBOYYWXRWGYYBWWXGOYO;14;;;;
YBOWXBRRROOGBXYBRYYYWOXWROWGWGGXGBBBWOGYXYWRYBGRWXROGO;13;;;;
YYGWXYRYRORGYXGBBYYGWWXGRRRGOWRXBWGOOBGWXRBWYBBBOXOOOW;14;;;;
YBOWXWYOWOORYXROYYGYGGXGRRRRRGOXBWWOWOGYXRBBBBBBGXGYWW;20;;;;
YYWGXYRRROWGRXROORYWWBXGBBWGROOXGBBBGBGYXGWWBYWRYXOYOO;19;;;;
YYGRXRYOROBRYXWBORGYWRXWBBRGGWGXBWBBOGGWXRWOYYYBWXOOGO;20;;;;
GRWBXBGWWYWYYXRBGRRGGBXYBOWRYOGXOBOOGWOGXOBYYYBRRXWORW;20;;;;
YGORXORYGOBGWXGYRBYBRYXBYWWWGGOXBBOBWRGWXOWGORRRYXYBWO;14;;;;
YOGRXWGYROGYOXBORRRGWWXWBOWGRWGXRBOOOYGBXGBBBYBRYXWYYW;18;;;;
GBGGXRGWRYYYWXYORBRGWOXBYYWGGWOXOBYOOROGXOBBBRRRWXBYWW;20;;;;
YOWBXRYRROYRBXYOGYGWWRXWRORGBOGXGWBBGYGYXWWWBBGBRXOYOO;20;;;;
OBGWXGGGRGRYYXOOOYRRWGXWRGWGYWBXRBYBOOYBXRWWBBWRYXBYOO;18;;;;
OWGOXYGGGGBYGXRBBBRORGXYYWBWRWGXBRROOBYYXWBYYROWRXWOOW;12;;;;
ORGWXBRRRGOGGXOBWBYYWGXGYRRGYWRXOWWOOWYBXYBYYRBBBXGOOW;20;;;;
GROWXOYWGYORGXRBGBGBRBXYYGRWGGBXOWRBWWOBXYWYYRWBRXYOOO;12;;;;
YOGYXYRGWOOGRXRYYYYOGBXYRBWRRWGXGBBBOWGWXGWWOBWRBXOBRO;20;;;;
YBWGXWYGGOWRBXRBRYGORGXBRBBWRORXGROOGOGYXYBYYBWWYXWOOW;20;;;;
OWWOXYGOWGBYGXRYRRRWGBXGBGWROORXOBRBGBYGXYWBOYWRYXWBYO;17;;;;
OBOWXOGGGGOYWXYOYRRRROXWBYWWGGBXGBYWWOYWXRORBYRRGXBYBB;20;;;;
YOOBXYYYGOYROXWBRBGGROXBYRWWRGOXGBWWWYGWXGORYRGRWXBOBB;17;;;;
OBWGXRGWRGWYWXGORRRBWYXGBWWGGOOXYBBWGOYOXOOBBYRRYXRYYB;17;;;;
GYORXBYWGYBROXRBBBGGRGXWYWWWYGBXYBOOWGOOXGBYYRRROXWORW;20;;;;
OWOOXYYYRGGRWXBBOBGGWYXWYYRGOGGXRWBBWBYGXRWRYRRBWXOOBO;19;;;;
OBGOXYYYGGGRRXGORYGGRWXORBBWRWWXYRGOOOYOXBBBBBWWWXRYYW;15;;;;
YGGBXYYWGOYROXROWBGBRGXBYWWWRWRXYBROOOGOXBBGBRORGXWYYW;14;;;;
GOOGXBRBWYWGOXGOORYRGYXGBBRRWGRXWWRBWWORXBWOBYYBYXYYGO;20;;;;
YBGRXYRRROGGOXBBOBYWWWXYYYBGRWGXORWOORGBXGBBYROWWXGOYW;17;;;;
YWGWXRRRRORGOXRBYRYYWGXYBWRGBWBXOWWBOGGBXGWYYYOBGXBOOO;20;;;;
YOWYXRYORORRBXGOWYGWWYXBRRBGBOOXORRWGYGGXWOBBBGWGXWYYB;14;;;;
GGGOXYRWGYGGOXWOORYGROXYBBRWRWBXRWYWOROBXBOWBYWBYXGYRB;19;;;;
YYOBXRGOROWYOXRYRRRYWBXBBGWGGGOXWBYBWGGRXGWWOYWRYXBBOO;20;;;;
OOOOXBGYGGGYGXGBRRRBRWXGBOWWWGRXYBBWWWYRXYOYYYBRWXROOB;18;;;;
GOOBXRRRRYWGRXYOYYYWWOXBRGRGGGOXYWWBWWORXBWOBBYBBXGYGO;18;;;;
OWWOXOYRRGGRRXGYYRGWWWXOBGRGBOWXYWGWGBYRXBOYOYYBBXRBOB;15;;;;
OOGGXBGGGGWYWXRYYRRORGXRBBWWWWYXOBOOOYYBXRBROYYRGXWBBW;16;;;;
GGGYXRYWWYRRBXWYOYGBGRXORORRGWYXGWWBOOOYXYWROBBBWXGBBO;17;;;;
GOORXRGRGYGYYXBYRRRWRYXWBGBWBGBXORWWWWOBXOOOOYYWYXGBGB;20;;;;
OOWYXRGBGGOYBXBBGBRORWXWYWWWGOGXGBBWGWYYXYOYYRRROXRORB;15;;;;
YYGRXWRWWOGGBXWBBBYGGOXGYYRRRWOXGWBOOBGYXWBYYRRBRXOOOW;20;;;;
OBWGXRYYRGWRYXRORRGGWBXOBYRGGOWXBWYBGOYWXRWOBYOBWXBYGO;13;;;;
GGWRXYYYRYBRRXGYWBGBWWXYYWBGROGXYRRWGOOOXGOOOROWBXWBBB;20;;;;
GRGGXBGWWYYYBXOOORRGGBXGBYWRYWOXRBGWOWOBXWOWBYRRYXRYOB;18;;;;
YOGYXRRRRORGOXBOYRYWWWXWBORGBWGXBWOOOYGYXBBRBYGBGXWYGW;15;;;;
YYWRXYGBROGYOXWBRRRRWOXWBOWGOOBXBBWOGGGYXGBWYYBRYXGORW;14;;;;
GWWBXYGRRYWYOXYOBYRWWOXGRWRGRORXOWYWGGOGXBOGBBOBRXBYYB;17;;;;
OBOOXYRRGGGGRXBYYRYYRWXBBBBWOGRXGROOWOYWXGBWOYYWGXWBRW;20;;;;
OOOOXWRYWGGGWXRYRRYBGGXBBBBROGRXORWOWYYBXRBGOYWWYXGBYW;20;;;;
GOWRXOYYRYBRGXWOBRGGWRXWBBRGGOBXRWOBGYOGXWWYBYYBOXWYRO;14;;;;
YYWYXYGRWOOYOXROWBRWGGXOYBWRROWXBBGOGGGYXBBRBRWRGXOYBW;11;;;;
YWGYXRGBROOYOXROORROWBXYBYBGGWBXGRROOBGWXGBGBYRWWXWYYW;18;;;;
YROWXGYBRORRWXGBYYGOWWXGRRWGYGOXRBOOWYGGXOBBYBBRBXYOWW;16;;;;
OWOBXOYYGGYRYXWBBRGGRRXBBWBWGGRXGROOWBYWXRBRYYOWOXYOGW;16;;;;
GOORXOYORYBRYXOBWYGYWBXYRRRGGGBXGWWWWWOYXROWYBGBGXBORB;18;;;;
YWWRXBRWROGGOXOBRBYBWBXOYGWGYOWXYBBWGGGRXGOYYRYRWXROOB;16;;;;
GBOWXOYRRYORYXRBYBGWWGXYYORGBGBXYWWOWRORXOBBYRGBGXGOWW;17;;;;
OWWRXWRRGGGGGXBYGBYWRWXBYYBWOOOXRRYBGGYBXYWYORRWOXBBOO;17;;;;
GBOWXOYYGYORGXRBWBGGRGXBYYBWGGRXYRYOWOOOXWBWYRRWBXBORW;17;;;;
OOWYXGYRWGRRRXRBBRGWGGXWBGWRYOBXOBYBGWYGXBWYYYWROXBOOO;19;;;;
YWOYXWGRGOOYGXBYWBRYRYXGYWWWOGOXRBBBWGGGXYWRORRRBXOBBO;18;;;;
YOWYXWGWWORYRXROYYRGGBXWRBWRROBXOBBBGYGGXGWWBBYRGXOYOO;20;;;;
GGGRXYYYRYBRYXBBYBGGWWXBYGWGOWOXWBGOOROOXRBWYRWRBXOORW;16;;;;
YYWRXRRRROBGYXGYBYYYWWXORBBGGOWXBRGOGGGYXOBWOBWWOXOBRW;20;;;;
OYGBXGGOWGWYGXOBRBRWGGXRYYRRWWYXRWGOOBYBXYBOYROBWXROBW;17;;;;
OOOBXORRGGWGWXROGRYYRBXBBWWWGGOXGBYBWYYWXOWGBYRRRXBYYO;19;;;;
YWWOXBYOGOGRWXROBBGYRGXYYWWWWOGXBBRWGGGYXOOOBRRRRXYYBB;20;;;;
GRORXYRRWYBGOXGOGBYYGYXYYRRROGBXGWWOWWOWXBBWBRGBOXBYOW;20;;;;
GGGBXYYYGYYRBXRORBGGRGXOYGRWRWYXOWOBOOOBXWWRBRWBWXWYBO;18;;;;
YWORXGRBGOGGOXYYRRYRROXBBWWWYGOXGBYBWBGWXGWWOYRRYXBBOO;20;;;;
YOOYXRYRWOOROXROWRGWGGXYBOWRBGBXBBYBWWGWXGWYBYBRGXGYRO;15;;;;
YYWBXYGRGOYYRXWYBYRYRRXORRRWOOWXOWWWGGGGXGOBOBBBOXGBWB;20;;;;
YROYXGYBGORRBXYBOYGOROXBROBWWGRXBRYBWWGWXYWRYBGWWXGOGO;20;;;;
OBORXYRRGGGGRXOOYYYYRGXORBBWOGWXGRROWOYWXBBBBBWWGXWYYW;20;;;;
OYGOXBRWWGGGRXOBRBYGGBXRYGWRWWYXYBOOOBYOXGBRYRYRWXWOBW;10;;;;
OGGWXRGRRGOYBXGBRRRWWWXWBOWGBWBXYBGWORYOXYOGYYBRYXOOYB;16;;;;
GWOYXOYWRYORGXROGBGGWBXRYWRGGGWXOWYOWBOBXYBYBROBRXBYRW;18;;;;
GYGGXWRBWYWGYXOBRRYRGBXOBRRRRWWXOWYOOGOGXOBBYYGBYXBOWW;18;;;;
YRWOXWYYWOGROXGYOYGGGWXRRRRROOWXBWYBGYGWXBWROBGBYXBBBO;19;;;;
YGGRXYGWWOBYGXWYRBRBGRXYYWWROWBXOBYWORGGXWOOORORYXGBBB;12;;;;
OWWYXWYBWGRRGXWBBYGRGRXWRBBROOGXRRGBGBYGXYWYYBYWOXOOOO;20;;;;
YBOBXYGGGOWYOXWYWRRRRRXBBYBWOGOXGRYBWRGYXGWWOYRWGXBBOO;17;;;;
OWGWXRRGWGRGYXOBYYYRGBXORORRBWYXGWOOOGYYXRBBYBGBBXWOWW;20;;;;
OWWGXWYYGGWRYXRBBYGGRGXORWWWOOYXRBYOGBYBXRBOYBRROXBOGW;17;;;;
YWOYXGRORORGOXRYBYYYWGXORBWGYGWXGBBBWBGWXGWWOBYRRXOBRO;11;;;;
YROYXOYWWORRWXRBBRGGGGXYBBWRGGGXRBOBWWGBXOWBYYYROXYOWO;19;;;;
OBGBXRRWWGYGYXGOWBYGGYXGYYBRBWOXWRRWOOYOXRORBROWBXWYGB;19;;;;
YWOYXOGGGOOYWXBOYYRRRWXBROWWBGRXYBROWGGRXOBBBBGRGXWYYW;20;;;;
YYGGXWROROWGOXYBRYYWWOXGRRRGRWOXRWWWOBGGXBOGYBBBYXBOYB;20;;;;
YYWBXRGRROWYOXBOWRRYWYXOBYWGGOWXOBBWGGGGXBOWBYORGXRYRB;17;;;;
ORGOXYGGGGBYGXOOWBRRRGXYYYBWOWGXRRYBOWYBXWWWBRRWBXBYOO;17;;;;
GOGYXWYGRYRROXWOYYGRWRXBRBBGOWRXBRGOOYOYXBBGBBWWGXOYWW;20;;;;
YOOGXGGBWOWYOXWYGRRRGRXWBYWRYGBXYBYWWWGOXGOOOYRRRXBBBB;20;;;;
GBOWXOYWWYORRXYYWBGGGRXYYRBRGGGXYRRWWOOOXBOBORGWBXWBYB;17;;;;
YOWBXGYWWOYRRXBBRRGGGWXBBWWRYORXOBOWGWGGXGOOYYRRYXYOBB;19;;;;
OOOOXWYRWGBRGXRYRRGYGBXWBRWROGBXGBYOWYYWXYBOOYGRWXBBGW;17;;;;
YGGOXRRWWOBGOXGORRYGGYXWBYBRBWBXBROOORGYXGBWBYOWYXWYRW;19;;;;
GRWGXRGGWYWYBXRBBRROGBXYBBRRGOGXYWOOGWORXWBYYYYBOXWOOW;18;;;;
GOOBXORYRYWGRXGBBBYBWYXWYWWGGGGXRBOOWYOGXBBYYRRROXWORW;19;;;;
GWWBXRRRGYYGYXWYGRYYRRXWBGWWBOBXOBOBGGOBXOWOOYYRRXWBGO;20;;;;
GRWBXOYYGYYRGXWBGYGGROXGRWWWBORXBBBBGYOWXWWYYBRROXROOO;18;;;;
GOGWXYRRGYOGGXRYYRYWRBXGBBRWRWOXRWBBOYOGXWWBOYYBGXOBWO;14;;;;
OYGOXWYYWGGROXGBWBGGGWXBYYBRRWRXYROOOBYOXBBRYRRWBXWOGW;20;;;;
GBOBXOGWWYYYGXRBRRRGGBXRBWRRGGYXYWGOWOOOXYBBYYOBWXROWW;18;;;;
YBWYXOYOWORRBXGBBYGYGWXGRWBRGORXGRROGRGYXYBBYBOWOXWOWW;20;;;;
YRGYXORRGOOGGXROYYYWRBXBRRRWGWOXWWYBOYGOXWWBBBGBGXBYWO;16;;;;
OBOWXYGGGGOYOXWYRRRRRRXYBGRWOGBXBWBOWOYWXGBGOYYBYXRBWW;19;;;;
GYORXOYYRYBRYXWBBRGGWRXOBGWGGGYXRBOOWBOGXRBBYYWROXWOWW;16;;;;
YBWBXYYOWOYRGXRBRRGWGGXYBOWROOGXOBWWGRGGXWOYYYBRWXBORB;13;;;;
OBGRXWRGWGGGBXGBBBYOGWXRYYBRRWYXBRYBORYWXYWWYROWOXGOOO;20;;;;
OOGWXRGWWGRYOXBBWBRGGYXGYYWRBWRXOBYBOYYGXBWWYRRRBXGOOO;20;;;;
YWWRXBROGOGGYXOYWBYYRBXRYORWYOWXGWOOGGGYXRBRORGBBXWBBW;20;;;;
YGOWXORRGOOGBXGOOYYYRYXBROBWGGRXWRYOWRGRXWBGBBBWYXBYWW;19;;;;
YWWRXWRWGOBGBXGOOYYBRYXBRWWWOOOXRBROGGGGXYBOBBRRYXYYGW;20;;;;
GGWOXYYRRYBRBXGBYYGWWWXORGWGROWXYBBOGOOOXWBRYBYRBXROGW;20;;;;
YGOOXWYRWOBRYXBOGRGYGWXYBRRROGGXWWWBWOGRXOWBBYBBRXGYYO;20;;;;
YGGRXYRWGOGGWXBOBYYGRWXRROWWOWYXGBRBOOGYXOWBBBBRRXWYYO;15;;;;
YYWOXWGOGOBYRXBOWBRYRWXRYYWWOOWXBBGBGGGYXGWRBRRRGXOYBO;18;;;;
GRWWXRGWWYOYRXBOOBRGGWXBYGBRGOOXORROGYOGXBBBBRYWYXWYYW;18;;;;
YYGOXRGBROBYOXYOWBRRWOXWYYBGGWGXWRYBOGGRXGWWBRRWBXBYOO;20;;;;
GWORXYRBRYGGRXBBOBYOWYXGYGBGRGOXGRRBWBOWXBWWYRYWYXWOOO;16;;;;
YWOYXYYGWOORRXGBORGOGWXGBBRRRGRXWWBBWBGRXBWGYYYBWXOOYO;13;;;;
OROWXBRRWGOGOXROGRYYGBXGBGRRWGRXYWWWWWYOXBOBBYYBOXGYYB;17;;-1;0;1818.102903
OBWGXORRRGYGRXWBWBYYWRXWYORGBOGXBWOOGRYYXGBYYRGBBXWOOW;19;(down,4,1),(down,1,-1),(down,3,1),(up,1,-1),(up,2,-1),(up,3,1),(up,1,1),(up,3,1),(up,1,1),(down,4,-1),(down,2,-1),(down,4,1),;156;12;253.1649113
YGWBXWRYGOWGGXGOOBYBRYXGYWWWOOOXOBROGRGBXWBRBRRRYXYYBW;19;(down,2,1),(down,4,-1),(up,4,1),(down,3,1),(down,1,-1),(up,1,1),(up,3,-1),;86;7;152.9035134
GRORXBRBRYGGBXGBOBYOWYXGYRRGYGOXGWRBWWOWXWWYYRBBWXYOOO;20;(up,2,-1),(up,1,1),(down,1,1),(down,4,1),(up,4,1),(down,3,-1),(up,3,-1),(up,4,-1),;100;8;164.861038
GRWGXYRRWYWGOXGYWYYYGYXORRWROOWXOBBOGWOGXBBBOBGRBXRBYW;20;(up,1,1),(up,4,1),(down,1,-1),(up,2,1),(down,4,-1),(down,3,1),(down,4,1),(down,3,-1),(down,4,1),(down,3,1),(down,4,-1),;142;11;215.2378571
OGGOXRRWWGGGBXYBOYYGGOXRROBRBWYXBRRBORYWXYWGYBBWWXWOYO;18;(up,2,1),(up,4,-1),(down,4,1),(down,2,1),(up,1,1),(down,2,1),(down,3,-1),;156;7;248.8999743
GGWOXGRWGYBGYXBOBRYGRWXRBWRWYOWXYWYBGRORXOWOBYOBRXBYGO;17;;-1;0;2063.951908
YRGYXWYWWOORWXOYGRGBGGXYBBBROWGXRRWWOYGBXROOOYYWRXGBBB;17;(down,2,1),(down,1,-1),(up,3,1),(up,2,1),(up,1,-1),(down,3,1),(down,1,-1),(down,3,-1),(up,2,1),(up,4,-1),(up,2,-1),(down,3,1),(down,1,-1),(down,3,-1),(down,2,1),(down,2,-1),;282;16;444.5587311
YYWYXBYORORRWXGYYYGWWWXORRWGWOYXOBGOGGGBXRBROBGRBXOBBW;19;(up,2,1),(up,1,-1),(down,3,1),(down,2,1),(down,1,-1),(up,4,1),(up,2,1),;86;7;134.5278659
GWWWXRRGGYRGYXWYYYYOROXRROWWGOYXRBWOGBOBXOBGOBBRBXGBYW;20;;-1;0;1867.900981
YOWGXBGOWOWYOXOYYBRWGBXGYYWRWORXBBBWGYGYXGOWORRRGXRBRB;15;(up,2,1),(down,2,-1),(down,1,-1),(up,4,1),(down,4,-1),(down,2,-1),(up,3,-1),(down,4,1),(up,3,1),(up,4,-1),(up,3,-1),(up,4,1),;577;12;783.5973976
YWGBXGGRROYYRXRBRRRWWBXWBORGYWGXOWOBOBGBXGWWYYGBYXYOOO;18;(down,1,1),(down,3,-1),(up,3,1),(down,2,1),(down,4,1),(down,1,-1),(up,2,-1),(down,1,1),(down,3,-1),(down,1,-1),(down,3,1),;142;11;204.3671391
GGGOXGGYWYBYYXRBWYRBGGXORGWRWWWXRBOWOOOBXROWYBYRBXYORB;19;;-1;0;1833.621159
OOGWXRGBWGRYGXYOOYROGRXGRGWRBWOXBBYOOWYWXYBRBBWRYXBYGW;19;;-1;0;1739.66017
OBGYXRYOGGRRBXOYWBGWRGXOYWRWGWYXOWWOORYBXYBGORRBGXBBYW;19;;-1;0;1771.0097
GGGGXWRYWYWGYXWOYYYBGOXORORRRWYXRWGBOOOBXRWBBBBBGXRYWO;18;;-1;0;1774.133704
GGOYXBROWYRGYXBYYYYWGWXGRRBRYGOXWRBBWRORXOWGOBBWGXOBWO;20;;-1;0;1646.221601
OWOYXRYBGGORGXWBGBGORRXBYYBWGGRXGRYBWBYWXYWWYRRWOXBOOO;19;;-1;0;1594.471959
YGGYXWRRGOOGOXRYYRYYRBXWBORWRWBXBWWBORGYXGWWOYBBGXGBOO;19;(down,2,1),(up,4,-1),(down,3,-1),(up,3,1),(up,1,1),(up,3,-1),(up,4,1),(up,3,1),(up,2,1),(up,4,-1),(up,2,-1),(up,4,1),;226;12;319.5930874
GWWYXRYYRYRRBXBBBBGGWWXGYWWGGOOXYBROGGOOXYBRYROROXWOBW;19;;-1;0;1699.192936
OBGOXWGWWGGYGXYOBBRGGOXRYWBRRWYXBRGOOOYYXYBBBROWRXRYWW;20;(up,4,-1),(up,2,1),(up,3,-1),(down,2,-1),(down,3,1),(down,4,-1),;72;6;109.5037372
GWWWXBRRWYOGBXGBBYYYGYXGRRBRWOOXYRROGGOOXYBRYBGWOXWOBW;20;(up,1,1),(up,4,1),(up,2,1),(down,3,1),(down,1,-1),(down,4,1),(up,4,1),;86;7;134.8880539
YWWRXGGBWOGYBXYBOYRRGOXBRYRRYOOXWWWBGGGRXYWOYBRBWXBOGO;16;;-1;0;1709.330888
YBWWXRGOGORYWXOORRRYRGXBBGBWGORXGRWOGOGWXOBBBYYWYXBYYW;17;(up,3,1),(down,1,1),(down,2,1),(down,4,-1),(down,3,1),(up,4,-1),(down,1,1),(down,2,-1),(down,1,-1),(up,1,-1),(down,2,1),(up,1,1),(down,1,-1),(up,2,1),(down,1,1),(down,3,1),(up,2,-1),(down,1,-1),(down,3,-1),(down,1,1),(down,3,1),(down,1,-1),(down,3,-1),(down,1,-1),;1119;24;1525.267012
GOOGXOYYWYWRBXOBRBGGGBXGYWRRGGRXWWWOWYORXYBRYROBYXBOBW;20;;-1;0;1621.89014
OWGOXBYORGGRYXWBBRGYWRXBBBWGWWRXWBGWOGYOXROGYYYROXROYB;19;(up,2,1),(down,4,1),(down,2,-1),(up,3,1),(up,4,-1),(up,2,-1),(up,4,-1),(down,2,-1),(up,1,-1),(up,2,-1),(down,2,1),(up,2,-1),(up,1,-1),(up,2,-1),(up,1,1),(up,2,-1),;499;16;658.296818
ORWGXBRRWGWGYXROYRYYGBXYBWBRWOBXORGOGWYBXOBOBYOWGXRYGW;14;;-1;0;1643.131137
YOWOXOYYWOBRWXGOYYGGGWXBRYBRGORXBRGBGYGWXOWWBBRWBXRYRO;17;;-1;0;1876.165072
YWWBXYYWROYROXYYYRGBWOXBBWWGROOXWBBWGGGOXGOROYRRGXRBGB;20;;-1;0;1870.650692
GWWGXBYBGYYROXRYWBGRRGXOYWWWYOWXYBGOGGORXBBYORRRBXOBOW;18;;-1;0;1782.711764
GBGYXGYRGYRRGXOBGBGWRGXOYBWWWWWXYBBBOOOOXYWBYRYRRXROWO;20;;-1;0;1754.733862
YROWXRRWROOGGXRYORYBWBXRBBRGGGYXOWGOWWGBXWBGOYYBYXOBYW;14;;-1;0;1804.223094
GWWWXRRYRYRGWXGOOBYBWYXWYYRGBOBXOWGWGGOBXOORBRRBYXOYGB;18;;-1;0;1810.663689
OWWYXYYYGGRRGXOBBBGBRBXGYWBWOOOXRRROGGYGXYBBYROWRXWOWW;19;(down,1,-1),(up,4,-1),(up,3,-1),(down,3,1),(up,1,1),(down,2,-1),(up,1,-1),(down,4,1),(up,3,1),(up,1,1),(up,3,-1),(up,1,1),;366;12;485.9208024
ORORXWYOGGGRGXGBGYGYRWXYRWWWOGBXOBBOWYYBXYBBYBRROXROWW;20;(up,4,1),(down,3,1),(down,2,1),(up,1,-1),(down,2,1),(down,1,1),(up,2,1),(down,1,1),(up,2,-1),(down,1,-1),(down,1,-1),(down,2,-1),(down,4,1),(down,2,1),(down,1,-1),(down,3,-1),(down,1,-1),(down,3,1),;730;18;963.9078825
GRWBXWYYGYWROXOOORGGRGXGBBWWOORXGBRBGYOWXBWRBYYRYXWYBO;20;;-1;0;1638.386355
OOGRXWYGRGGRWXRYWBGOWBXYYYRGOWBXOWWOOYYBXRBGORRBBXGBYW;15;;-1;0;1626.180694
OWWRXRRYWGBGOXYORRYGGOXRBBBRGOYXBROOGGYWXBBOBYYWWXWYGW;17;;-1;0;1808.83699
OWORXYRYGGGGWXOOYBYBRGXBYYWWOGOXGBBBWBYWXOWWBRRRGXRYRO;13;(up,1,1),(down,4,-1),(up,3,-1),(up,4,1),(down,1,1),(down,2,-1),(down,3,-1),;86;7;137.7590096
OOWGXORRGGWGBXRBBBYYRGXWYGBWBOBXORROGWYGXYBYYRYWRXWOOW;19;;-1;0;1727.879495
OBOYXWYORGRRBXGOYYGYWWXGRRRGRGOXRWOOWOYBXWBBBBGBGXWYYW;12;;-1;0;1670.184228
OGGYXRRORGRGGXWBGYYYWRXBRGWGBWOXWBYWOOYOXYOBYBWRRXBOWB;20;;-1;0;1818.118556
OOWBXOYYWGYRWXRBWYGGGGXGRRRRBOOXWWRWGYYRXOOGYBBBBXYOWB;20;;-1;0;1916.961727
YYOOXRGRWOBYGXYBGRRWGRXGBBBRBGRXGROOWBGYXWBYYYWWOXWOOW;19;;-1;0;1749.02007
YGOOXGYOGOBRYXRYWYGWRGXYRYBWYGBXRRWOWOGBXOBWOBRWBXGBRW;17;;-1;0;1688.418876
GOOYXOYYGYRROXBYWBGGRYXBYRBWBGRXWROBWWORXGWGORGWBXYBWO;19;(up,3,-1),(down,3,-1),(up,4,-1),(up,1,-1),(down,1,-1),(down,1,-1),(down,4,1),(down,2,-1),(down,4,-1),(down,2,1),;268;10;344.5079811
GOWGXORBGYYGOXGBRRYRRWXWBWWWBOBXRBYBGWOGXGWYYYRRYXBOOO;20;;-1;0;1737.790143
OBWOXBGGGGGYRXBBOBRRRYXRYGBWWOYXYRROGOYOXBBGYRYWWXWOWW;19;;-1;0;1758.578287
GOORXRRGWYGGBXOBRBYOGBXWYGWRBGBXGBRWWWOWXYOYYRYRWXYOOB;20;(up,3,-1),(down,4,1),(up,2,1),(down,1,1),(up,1,1),(up,4,-1),(up,3,1),(up,4,-1),(up,3,-1),;254;9;336.8193583
OOOOXYYYGGBRYXROGRGGRBXWBWWWOGGXBBGOWWYYXRBBBYRRRXOYWW;19;(up,4,1),(down,3,1),(down,1,1),(up,3,1),(down,2,-1),(up,1,-1),(down,2,-1),(down,4,-1),(down,2,1),;114;9;173.6878283
YYOYXGROGORGRXGBOBYYRYXGYBBWWGOXWRBBWBGRXBWRYRWWWXOOGO;16;;-1;0;1723.755252
OOWOXGYBRGGRGXBYWBGRWYXBYWRGYOOXYWGBGYYRXWWWORRBBXRBOO;14;;-1;0;1704.261222
GRORXGRBGYGGOXYYORYRROXWBWWWYGBXGBYBWYOWXBWOOYRRWXBBGO;15;;-1;0;1847.242409
OWOWXRRRRGOGYXGYRBYYWYXGYOWGGGOXBBBBWBYYXOWGORBRWXRBWO;19;;-1;0;1886.23542
OGWYXWYOWGRRRXOOYBGWGBXGYGRRRORXBWYBGOYWXBWYBRWBGXBYOO;20;(up,2,1),(down,4,1),(up,3,-1),(up,1,-1),(down,4,-1),(down,3,-1),(down,4,-1),(down,1,-1),(down,2,-1),(up,2,1),(down,1,-1),(up,2,-1),(down,1,1),;940;13;1277.260597
YOGOXGYRROBRBXOBGYGWWGXWRRRGYWGXBWOOOYGYXWBYYBBBRXWORW;20;(up,2,-1),(down,4,-1),(down,3,1),(down,4,-1),(down,2,-1),(up,1,1),(down,4,1),(down,2,-1),(down,4,-1),(up,1,1),;1108;10;1403.941743
OOWRXRGWRGBYWXBYBBRGWWXOYBBGGOWXORRWGYYGXROGORYWOXYBYB;19;;-1;0;1638.841993
YYWBXWGRROYYRXOBWBRWWBXBYYBGOORXYRGOGGGOXGBGYRRWBXOOWW;17;(up,3,-1),(down,2,1),(down,3,1),(down,4,1),(down,1,-1),(up,4,-1),(up,2,-1),;86;7;138.7821097
GOORXORWGYGGYXWBBRYBROXBBBBWGGRXGRWOWYOYXRBWYYYWOXGORW;17;;-1;0;1633.007548
OBOOXWYYGGGRRXBBOBGGRYXGYBBWOGRXGRRWWOYWXBOYYRWWYXWORB;20;(up,4,-1),(down,4,1),(up,3,-1),(down,1,1),(down,2,-1),(up,1,-1),(down,3,1),(down,4,-1),(down,3,-1),(down,4,1),;128;10;183.5311613
YBOGXGRWROWGOXYYYYYBWOXRRWWGYGYXRBOOWOGGXGBROBRRBXWBBW;19;(down,1,1),(down,3,1),(up,2,-1),(up,4,1),(up,2,-1),(up,1,1),(up,2,1),(down,2,1),;590;8;759.1950283
GWOBXRRORYWGGXRYRRYWWBXBBYRGGGOXOWROWGOGXYBBOYOBYXWBYW;15;;-1;0;1712.752087
YYWBXRGBROYYGXYOBYRRWRXGRWBGGOOXBRROGGGWXWBYBBOWOXWYOW;19;;-1;0;1684.414754
OBOGXORRWGWGYXWYYYYYGOXBRBBRGGOXWRGWWRYRXOOBOBWWGXRBYB;18;(up,1,1),(up,4,-1),(down,4,-1),(down,2,-1),(down,1,1),(up,2,1),(up,3,1),(down,4,1),(up,3,-1),;114;9;173.3171287
YYOOXOGGGOGYWXBBORRRRWXOBBWWBGYXRBRWWGGBXROGYYYRWXYOWB;17;;-1;0;1667.5908
OBGYXYYGWGRRGXWYWBGOGRXGYWBROWRXBRWOORYYXYBOOROWBXGBBW;18;;-1;0;1673.509324
GBGBXYYYRYYRRXGBOBGGWWXGYWWGRWRXBBGBOOOWXBWYYRRRWXOOOO;14;;-1;0;1713.669906
OWWOXRGBRGGYOXBOYBRRWYXOYBBGGOWXYRRWGGYOXBOWBRWWGXYYRB;20;(up,2,-1),(down,1,-1),(down,4,-1),(down,2,-1),(up,4,1),(up,3,-1),(up,4,1),;86;7;129.1166022
GOGWXORYWYRGRXOOBBYBGBXYYBBRGWGXWRWWOYOOXGOYBRWWRXGYRB;17;;-1;0;1654.444973
GYGBXRRRRYWGWXWBYRYYWRXWBORGGWGXYWBBOBOOXOWOYYGBGXROBO;20;;-1;0;1651.344182
YRWOXRRGGOBGGXGOWYYRRWXORYBWBOWXORRWGYGGXYOBBBOWBXWYYB;18;;-1;0;1758.19685
OWWOXYYRGGGRWXROYRGYRBXYBOBWOOBXBRRBGGYWXOWRBYBWGXWYGO;17;;-1;0;1816.97931
OOGRXGRYGGBGOXWORBYBROXGYOBWWWRXBRRBOYYWXGWGBRBWYXWYYO;19;;-1;0;1972.6417
GBWGXYYORYYRYXOYGBGWWGXWYGWGOOBXWBYWGRORXROOORWRRXBBBB;20;;-1;0;1683.863491
YYWOXWYOROBROXWOYBGYWRXWYYWGOOBXRBBWGBGGXGOGBRRRGXRYWB;17;(down,2,1),(up,1,-1),(down,4,-1),(up,3,-1),(up,4,1),(down,2,1),(down,1,-1),(up,2,-1),(down,2,-1),(up,1,-1),(down,2,-1),(up,1,1),(down,2,1),;170;13;244.7395823
YRGGXOGWWOYYOXWBWBRGGOXYYRWRBWBXWBBOOYGRXGBYYRGRBXROOW;20;(up,4,1),(down,1,1),(up,2,1),(down,4,1),(down,1,1),(down,3,1),(down,1,-1),(down,4,-1),(down,2,1),(down,4,1),(up,1,-1),(up,2,1),(down,1,-1),(up,2,-1),(up,3,-1),(up,1,1),(down,2,1),(up,1,1),(down,2,-1),(up,1,1),(up,3,-1),(up,1,-1),(up,1,-1),(up,3,1),;837;24;1170.562397
YBOOXRGGROBYBXWOOBROWOXWYYBGGGGXWRYBWRGRXWWBBRRWYXGYYO;16;;-1;0;1728.344146
GWWWXYYBWYORBXRBRRGOGBXGBGWRRORXBBGBGGOWXYWYYYYRWXOOOO;20;;;;
YGGOXWGOROBYOXGYRRRYWYXBBWBGRWRXBRWOORGYXGBBOYOWYXGBWW;16;;;;
GGOWXORYRYOGOXROYRYBWBXRBYBGGGYXWRWBWRORXBWGBYOWGXBYWO;15;;;;
YOGYXGYGGOORRXOBYBGORBXBYWWWWWRXBBROOWGYXGBBYRRRGXYOWW;19;;;;
YOOOXYYWWOBROXROOYGGGGXYRBBRRGGXWRYBWWGRXGWRBBWWYXBYBO;19;;;;
YWWBXRYOROYROXROGBGYWBXOYYBGGOWXWRWBGGGRXBWGBRRWOXBYYO;17;;;;
YOOYXWYBGORROXBBWBGRRYXOYRBWRGYXGRBBWWGYXGWGYRGWBXOOWO;16;;;;
YOOWXRYBROOROXBYWRGRWWXRBBBGGGWXYRBBWYGRXGWGOYYWGXOBYO;18;;;;
GWWRXWRYGYGGWXRBWRYBRBXGBGWWOOOXOBROGGOBXRBYYYYRBXYOOW;20;;;;
YOOBXRRRROYGOXBBBBYWWWXBYGBGGGOXYRWWWWGRXGOYYRYWRXGOOB;19;;;;
YBOBXRGGGOYYWXYOGBRRROXWYWWWBGBXGBROWOGWXRBGBROROXYYYW;16;;;;
YYOOXRYBROGRBXWBBBGOWRXWYWBGGGBXGROOWGGWXYBYYROWRXYORW;18;;;;
OOGOXRRWWGGGWXGOGYYGGYXRRWBRBWYXORYOOYYBXRBBBBOWRXBYWW;20;;;;
GWGGXBYYRYWRYXOYRBGGWBXRYRBGYWYXRRGWOBOGXOOWORBWWXOBOB;20;;;;
GBOGXORRRYWGRXGBWBYWWYXYYYRGGGBXRWOOWOOGXBBYYRRBBXWOOW;20;;;;
OGGBXGRBGGYGGXBOOYYRRWXGROBWWWOXWRRBORYRXYWWBBBWYXYYOO;20;;;;
GWGGXWYYWYWROXYBRBGGGOXYYRWRRWBXOBOOOBOGXBBRYRGRYXWOBW;12;;;;
YYGOXBGOWOGYGXRYRBRWGBXYYYRRWWBXRWOWOGGGXWOOORRBWXYBBB;19;;;;
OOGGXYYBRGWRRXBYGRGRWWXYBBBGRWGXOROOOYYBXGBWOYYWOXWBRW;14;;;;
YROYXOYYGOORWXOYBBGBRBXGYGBWGGRXGRROWYGYXOBBORWWRXWBWW;17;;;;
GBOYXWGGWYOYWXYOWYROGRXGRBBROGRXRRYBWOOBXRWBBBWWGXGYYO;20;;;;
OOGBXOYWWGYRWXBBOBGGGWXGYYWRGWRXRBBBOYYBXRWGYRRRWXOOYO;16;;;;
YYOBXYRBROWGWXOBYBYRWBXGYRBGRGOXGRRWWGGWXOOYYRGWBXWOOB;18;;;;
ORWOXWRYRGBGGXYOGBYBWOXBYYBGOORXORWWGWYGXYOBBRRWRXGYWB;19;;;;
GRORXRRGWYGGWXGOOYYOGYXWROWRBGBXGBRBWWOWXOWBBBBRYXYYYO;20;;;;
OYOWXOYBRGORYXBBRBGRWWXWYGWGGGGXRBOWWBYGXROOYRYRWXYOBB;13;;;;
OYGOXWYRRGGRGXGYBBGWWWXOYRWGOWYXOBROOBYBXYBBORGRRXYBWW;20;;;;
GBOGXBRRWYWGGXROOYYYGGXRRBBRYGWXORBOWROGXYBWBBWWYXOYOW;17;;;;
OBORXBRRGGGGWXOBYYYYRGXBRGBWWGRXBRRBWOYYXOWYYBWWGXWOOO;17;;;;
OWWRXORWGGGGGXWOORYBROXYBWWWBOBXYBGOGGYRXYBRBYRRYXOYBW;17;;;;
YGWWXBRBRORGWXYOGRYRWOXWBBRGWOGXOWROGRGBXOBGBYYBOXYYYW;11;;;;
GGGYXBYGGYORGXBBBBGORYXRYWWWWWYXRBWBOROBXYWWYRRROXGOOO;18;;;;
GWWGXWRRWYWGBXOBRBYYGGXGYGWROORXRBBBGBOBXYWYYRYRWXOOOO;19;;;;
YRGYXYGWROOYOXOBBRRBWBXYBRBGRWBXGRYBOWGWXGWWYYGWRXGOOO;18;;;;
GRWRXWYYWYBRGXRBGBGGGGXBYBBROOOXBRRBGWOYXWWYYRWWOXYOOO;16;;;;
OBWGXWYYGGWRBXYBRBGGROXWYWWWOOBXOBGWGOYGXYORYRRRYXROBB;20;;;;
ORORXGGWWGBYYXOYOYRGGGXBRBBRYGOXWRGWWYYRXOOBOBWWWXRBYB;16;;;;
ORWRXWRWRGBGGXOYRRYBWGXWBBBGOOGXYRBBGWYOXYWROYYWYXOBGO;20;;;;
ORORXYGGWGBYWXOYYBROGBXGYYBROGRXBRWOWWYWXOBGORRWBXGBYW;18;;;;
OGGRXYRRGGBGOXBBYYYYRYXWRWWWOWBXOBOOORYGXBBGYBRRGXWOWW;18;;;;
OGOOXYYBWGGRBXGBBRGRGWXRBBBROGYXWRYBWRYRXYWWYYWWOXGOOO;16;;;;
OWGOXGRRGGGGRXBYBYYYRWXORBBWYWYXWROBOGYRXGWOOBYWRXWBBO;20;;;;
YGWBXYRBROYGGXGBOYYOWYXBRBBGRORXORRBGRGGXWWYYBWWWXWOOO;19;;;;
OBGYXRYGRGRRWXWBYYGOWRXWRYRGGWGXBWBBOOYWXOWBYBOBGXROYO;19;;;;
GWOWXOGGGYOYGXYYRBRRROXBYBBWBGRXBRGOWGOYXYBYORWWWXOBRW;18;;;;
OBGOXBRRRGGGRXYORBYWWOXWYGWGWWGXBBOOOOYYXGBRBRYRYXWYBW;14;;;;
YBGBXGRRWOYGBXOBOYYYGGXORWWRWWYXGBBOOOGYXWBRYBRRWXROGW;17;;;;
OOOOXGGRGGGYYXGOGYRWRWXORBWWYGWXRBBBWYYBXRWBBBWRRXOYYO;15;;;;
YWWRXORRGOGGYXYBBRYWROXWBBWWBOBXGBOOGGGYXRBOYYYRRXWOGW;20;;;;
YGWYXRRYROOGWXBYYBYBWWXOYYBGBOWXGRGWGRGWXROOORRWGXOBBB;17;;;;
YGOBXOYRROYROXYOOBGWWOXWYYRGGGGXRWYOWRGBXBBBBRRBWXGYWW;19;;;;
OWWOXRRYRGBGYXWYOYYGWRXWRBRGGOGXWWBWGBYOXROOOBYBYXRBGB;16;;;;
YWGOXYRBWOBGOXGOOYYRGYXGRGBRRWRXWRYBOBGRXGWWBBWWYXBYOO;18;;;;
OOWGXWYYGGWRYXBYGRGGRWXBBBBWOORXORGOGYYBXRBWOYYWRXOBRW;20;;;;
GWOGXRGBRYYYOXRBRBROWBXOYYWGGGWXBBWOWBOYXGBYYRRRWXGOOW;19;;;;
YBOYXBGBROOYOXBYYBRRWYXGYYRGWGRXGWOBWOGWXGWWORRBGXWBRO;18;;;;
YBGOXBYRGOBROXYORBGYROXYYRWWWWGXWBWWORGOXGOBBRGRWXGYYB;17;;;;
OGOWXOYBWGORYXBYYRGOGWXRBGRRGGWXYWYWWRYOXROROYWBBXGBBB;18;;;;
GROBXORGGYYGBXYBBBYRROXOYOWWGGWXGBRBWWOWXWWGYRBRRXYOYO;17;;;;
OGWGXBRBGGWGRXOOYRYORGXRBBBWYOWXYROOGRYOXBBYBYWWGXWYRW;14;;;;
ORWOXBYOGGGRGXBYBBGYRYXBYWWWWOOXGBGBGYYYXWWWORRRRXRBOO;17;;;;
YGGYXWRYROOGRXGBBBYBWYXRYBBGRWYXRROWOOGGXBOGYRWWOXWOWB;20;;;;
OGOOXGRRWGBGGXWBWBYYGOXGYRBRWGOXYRYOWRYOXYBWYRBWBXBORW;16;;;;
YRWBXWYYGOWROXOBRBGGRBXBYBWWOORXGBGWGYGWXGOYYRYRWXROOB;15;;;;
OWWBXBRGGGYGYXGYBBYORYXBYRBWWORXYRRBGGYOXRWWORGWOXWBOO;20;;;;
YYOGXWGBGOWYBXYBGYRORRXGRWWWOGRXBBOBWGGYXWWRYBRROXYOBO;17;;;;
OWWRXWYRWGGRRXOOYRGYGGXYBWRROOGXBWBOGGYWXBBYBYRBBXOYOW;16;;;;
YOWBXYYOWOYRGXRBBBGWGGXYYBBRROGXORRWGYGGXWORYRWWOXWOBB;16;;;;
OOOWXORRRGOGOXBYRYYYWWXWRRWGGGGXBBYOWYYYXBBROBBRWXGBGW;20;;;;
OWGRXYGGRGBYOXWORRRRWRXOBGBGOWWXORYWOBYGXBOGBYYWYXBYWB;16;;;;
OYWGXBYYWGWRYXWBBYGGGOXBRRBRWORXORRWGBYGXROYYBGWOXWOOB;20;;;;
GBOGXWGOWYYYBXWYGRRYGOXRBBBRRGYXORGOWROBXWBGOYYWOXRBWW;20;;;;
OGGGXRGGWGYYYXBYORROGWXWBBBRBWGXWRBBORYRXRWYOYYWWXOBOO;15;;;;
OOOBXOGRRGWYRXWYRBRWWOXYYBBGGGGXRRWBWYYGXBWOORYWYXGBBO;20;;;;
GOOGXWRGWYYGYXRBWBYOGBXRYORRRGYXBWGBWWOYXOWGYRBBBXROWO;20;;;;
YGWWXBRBGOOGGXYOBYYRRRXYROBWWOGXYRRWGRGOXWOBBBGWOXWYYB;15;;;;
GYGWXWYWWYRRYXBYGBGGGWXRYOBROWYXORYOOGOBXOBRORGWRXBBBW;17;;;;
GBOGXBGGWYWYOXWOOYRRGRXYRYWRWGGXYBBOWOORXGBBBBORWXRYYW;15;;;;
GBOYXGYBRYORBXYOGYGRWRXGRWRGYGOXGWROWOOWXWBBBBOBRXWYYW;15;;;;
OBOGXBGGWGWYYXWOBBRRGOXGYGWRYGOXWBROWOYRXOBBBRYRRXYYWW;18;;;;
YOORXRRRGOGGBXYBGYYYROXBRBBWBGOXGRRBWWGYXYWGYBWWOXWOWO;20;;;;
GWWBXWYYGYYRYXWYWRGGROXRBRBWROYXRRBOGGOBXOBOOYGWBXOBGW;17;;;;
GOWWXORRWYOGBXOYYRYYGBXGBGRRGORXWWBWGYORXWOGOYYBBXRBWB;16;;;;
GWWRXORBGYGGBXYOYBYRROXOYWWWBOWXOBROGGOGXWBBBRRRGXYYYW;17;;;;
GGWYXGRWGYOGWXGYRRYBRWXBBBRWYORXOWBBGROGXRWWOYYBYXOBOO;19;;;;
GOOWXYRWWYRGYXRYYRYBGBXGBGWRRGOXBBBBWWOYXOWROYWRGXOBGO;19;;;;
YRGOXGYRWOGRBXWOOYGYGOXBRGRRWWRXRWBBOWGGXWWBBBYBYXOYYO;18;;;;
GOWRXORBGYGGGXYOWRYRRRXYBWWWBOBXOBOWGWOGXYOGBYRRBXYYWB;17;;;;
YRWRXBYOWOBROXGYRRGYGWXGBBRRWORXGWBBGWGYXGWWOYYBYXOBOO;20;;;;
GOORXGYWRYBROXROORGBWGXWBOWGYGGXYBROWWORXBBBBYGRYXWYYW;20;;;;
GBOBXGYOGYYRYXBYBRGWRWXGBRRWYGOXGWROWOOWXOBWOYGBRXYBRW;16;;;;
YRGYXOGBGOOYGXBYBBRRRYXWYYBWGWBXRROOOWGGXYBGORRWOXWBWW;19;;;;
YWWOXRYBGOBRYXYORBGRROXWYOWWGOBXWBYWGGGOXROBBRGRWXGYYB;17;;;;
GRGWXRGYRYOYYXROGRRBWBXBBGBGGWOXBRRBOWOWXOWGBYWWOXYYYO;18;;;;
OGWOXOGRRGGYBXYOYYRWWRXORYBGBOWXRRWOGRYBXWBBBBOWGXGYYW;19;;;;
GBOWXGYOGYORBXROGRGYRGXBBBBWYGRXGRRWWOOWXWOYBYYWOXWYRB;19;;;;
OOWGXWGRGGWYOXBOYRRYRWXRBBWWOOWXRBBBGYYBXGWRBYYRGXOYGO;20;;;;
YYGOXRGWROBYOXWORRRBWRXWBYWGGWGXRBYBOGGBXGWWBYORYXBYOO;20;;;;
YWORXGRYGOGGOXYYBBYBROXBYWWWYGOXGBRBWBGWXGWWORRRRXYBOO;20;;;;
YOWYXORYROOGRXGYRBYBWYXWYYWGBOGXBBGBGWGWXGWRORRRWXOBBO;17;;;;
OYGGXYRRGGWGRXGYRYYYRYXBRORWOWRXBWOWOBYWXGOOOBGBWXWBBB;20;;;;
YGGYXWRWWOOGBXWBBBYGGOXYYOBRRWGXBRRBORGWXYWOYRBWRXYOGO;20;;;;
GOORXORWRYGGBXWBYRYBWRXWBOWGGGGXRBOBWWOBXYWYYYBRGXYORO;16;;;;
OBWGXBGOGGWYRXYOYYRYRRXBRWBWWORXBRROGOYYXGBOBBOWGXWYGW;17;;;;
OYWGXWGGGGWYYXBOGRRRRWXOBOBWOOYXRRRBGBYBXRWGBYBWOXWYYO;17;;;;
YYGYXBGWWOOYWXOBBBRGGGXGYYWRWWRXRBYBOGGBXOWWYRRROXBORO;20;;;;
GWWRXBYOWYBROXRORYGYGGXRRGWRWOYXOBYBGGOGXBWWBBYRWXBYOO;17;;;;
OBOOXYGWWGGYGXBYRBRGGYXBYWBROGRXYRGOWOYRXYBBOROWWXRBWW;20;;;;
GWGYXRRBRYOGOXWYRRYOWOXYBWRGGWBXGWBWOBOYXGOGOYRBYXRBWB;11;;;;
GRORXOYYWYGROXGOOYGGGWXBRBRRGGRXWWOOWYORXBBBBBYBWXYYWW;15;;;;
YGGRXYRYGOBGWXGBBBYBRYXRYGBWOWYXRRROOOGGXOBBYRWWOXWOWW;20;;;;
ORWOXOGWWGGYGXRYRRRGGBXOBRWRBOWXYBYOGWYOXYBBOYGRYXBBWW;20;;;;
YOWYXWRYWOOGGXGYBBYBGYXRYBBRROYXRRBBGWGGXWWOORWWRXOBGO;20;;;;
YYWRXBYGGOGRGXRBRRGORBXYBOWWWOGXWBRBGBGOXWWYYYBRYXWOOO;15;;;;
OYGYXOYWWGRRGXWBWYGBGRXGRWWRGWRXYBBBOBYOXYWRYBORGXOOBO;15;;;;
OWWWXBRRRGOGRXOBBBYWWBXGYGRGYOOXBWOBGGYWXGWYYRYBRXYORO;13;;;;
GOGRXOYRRYGRYXOOOYGWWGXYRBWGBWGXRBWOOWOBXRBBBBWRYXGYYW;13;;;;
OOORXBRGGGGGGXBOORYORWXBBWWWYGOXYBWOWWYRXYBRBYRRYXGYBW;17;;;;
OOOGXRGWRGWYGXWBRRRBWRXGBOWGGGOXBBBWWWYYXYOYYYBRYXROOB;20;;;;
YOOBXWGWWOWYWXOOYRRGGGXBBRBRRGRXORYOWYGBXOBYBYGWBXGYRW;18;;;;
YYWGXWGBGOWYBXOBGBRRRBXGYYWWOOOXYBRWGGGOXWOBYRRRRXWOYB;13;;;;
YYOWXORGGOOGBXOBWBYRRGXBYYBWBGRXYRWOWGGOXYBWYRRWBXGORW;19;;;;
GWGOXGRGWYBGRXRYORYOGBXRBBRRYWYXGWRBOBOWXGWWOYYBYXWBOO;16;;;;
GGWYXRGBRYOYWXBBBBRRWWXOYGBGGOWXYRYOGOORXRBGYRYWOXBOWW;14;;;;
YRWYXBGYWORYOXBBWYRGGWXBRWBRYORXORGOGWGGXBBYYBOWGXROOW;14;;;;
OOOGXRYRWGWROXOBRRGWGGXBBGRRGGRXBWOOWYYYXBBBYYYBYXWOWW;17;;;;
OOOYXYGYGGRYOXGOGYRGRWXYRBBWOGBXRRGWWWYBXBOWBBWWRXOYRB;13;;;;
ORWBXWRRGGWGOXOOYYYYRGXORRWWOOYXGBBWGWYWXBOBBBGRGXRYYB;18;;;;
GBOYXORWWYOGBXRBYYYBGGXRRORRGGWXGWRWWROWXYOWYBBBGXYOOB;19;;;;
YYWBXWGRWOWYGXRYORRYGBXGBBRROORXOWGWGGGBXWOWOYYBYXOBRB;20;;;;
OBWRXWGORGBYGXYOOYRWWRXGROBGRORXBRYBGOYWXYWGBBGWYXBYWO;20;;;;
OGGWXORRRGOGBXBYYYYYWWXBRGBGBWRXYRGOOOYOXYBWOBWWGXRBRW;18;;;;
OWORXYRWWGGGGXRYBRYGGBXGBBBROGOXWRRBWBYRXYWWOYYWOXYBOO;19;;;;
YGGYXBYRROOROXBOWBGWWWXRYWBGYWYXGRGWOOGYXBORBROWGXRYBB;17;;;;
GYGBXGYGGYYRYXYYRYGOROXORBWWWWWXOBBWOGOBXROROBWRWXRBGB;17;;;;
OYGOXRRWWGGGRXGBWYYGGYXRRWBRBWYXYRBBOBYOXGWWYBOWBXOORO;14;;;;
YYOYXBYBWORRYXWYOYGRGRXWRRBRYGGXORBBWGGGXOWBOBGWWXOBWO;18;;;;
GWORXWRBRYGGBXGBOYYRWYXGRYRGRGOXOWOOWBOBXYBGYBRBWXYOWW;15;;;;
OGOOXBGYRGGYBXOBRBRGWBXOYYWGWGWXRBOOWRYBXYBGYRRRWXYOWW;10;;;;
YWWYXYYGRORRRXRYWYGOWBXYRBBGOOGXWRBBGGGRXGWWOBYWBXOBOO;18;;;;
YOOYXGRYGOOGOXROGRYBRBXRBBBWYGYXGRGWWWGWXBOWBYWWRXOYRB;20;;;;
OYGWXGYYGGORRXYOWBGGROXGYYWWWWOXOBROOBYBXBBRBRRRBXWYGW;19;;;;
YRWGXWYYGOWROXOBWBGGRBXBYRBWOORXWROBGYGRXGWBYRGWBXYOYO;14;;;;
OOOYXBRGWGRGBXYYWBYOGOXYYRWRWGGXOBGOWWYBXYBWORBRGXRBRW;15;;;;
GYWRXWRWWYGGOXGOWYYBGYXGRWRRROOXYWBWGBOOXBOYBBOBGXRYRB;16;;;;
OYGYXOYRGGORBXRBOYGYRGXBRBBWGWRXWRBBOGYRXYWGYBWWWXOOWO;18;;;;
OOWGXWGGGGWYGXWYGRRORRXWBYWWOOBXBBBOGYYYXYBROYRRRXOBBW;19;;;;
OWOOXOYYGGGRYXYOBBGGROXYYWWWBGBXGBGBWBYWXRWWBRRRRXRYOO;19;;;;
GRORXOYYWYBRGXYOORGGGRXWBRWRGGBXBBBBWWOYXWWYBYGRWXOYOO;18;;;;
GWOYXOYWWYRRWXROGRGGGBXYBYRRGGGXOWYOWBOBXOBWBYOBRXBYRW;18;;;;
YGGGXBGBWOYYBXGBOYROGWXRRWRRWWWXRWRBORGBXYWOYBOBYXYOGO;20;;;;
OWWWXYYYRGRRRXOYBBGBWGXWYGRGROBXYWBBGGYOXGWWORYBRXOBOO;17;;;;
YYGYXORWWOOGBXROGYYGGGXRRWWRBWYXGBBBOBGYXWWWBBRROXRYOO;17;;;;
YWGOXWRWGOBGBXYYRYYBROXBRGWWRWRXWBGWOGGOXYOOOBYRYXRBGB;17;;;;
OOGGXRGGGGWYGXROORRORBXBBWWWGWOXBBYBOWYWXYWYBYRRYXBYRO;18;;;;
YBWWXYGGROOYGXOYWRRRWGXRBBRGROWXYWWBGOGOXYWROYYBBXGBBO;18;;;;
OBGOXBGWWGGYGXROGBRGGBXOYYBRWWWXYRROOOYOXYBBBRRWRXWYYW;20;;;;
YWWBXBROROYGOXRYBBYYWGXBYWBGWOOXGRROGGGYXGBYOROWRXWBRW;13;;;;
YGORXWYBROGRWXYBORGRWRXWBGWGRGBXGBBWWOGWXOOBYYYRYXOOYB;20;;;;
YRGRXGROROBGRXWBBRYYWRXWBBRGYWGXOWOOOYGGXGBBYYYBOXWOWW;17;;;;
OBWGXRYOWGWRYXROOYGWGGXYRBBRBOGXBRGOGOYYXRBWBBWWYXOYRW;11;;;;
OYGRXGYGGGBROXYYYRGORRXWBWRWWWBXYWGWOBYOXBOWOYRBGXRBOB;18;;;;
YROBXOYYGOYRYXRYRBGGRBXOYBWWGGWXOBWOWWGBXOBRORWRYXGBGW;17;;;;
GWWYXRYOWYRRBXBBGRGWGWXYBOBRBOGXWROBGGORXYWOYYBWRXYOGO;12;;;;
YYWGXWGGGOWYOXBBRBRRRWXBYOBWOORXYRYOGBGOXGBYYRBWWXGORW;20;;;;
OOGOXWRWWGGGRXBBOBYGGYXYYOBRRWGXBRRBOYYWXBWRYRBWWXYOGO;20;;;;
OOWBXWRRWGYGGXYBBYYYGOXBRBBRRORXGRGWGWYYXWOOYBWWOXROGB;17;;;;
OGWYXWYGRGRRRXWOYYGOWRXWRGWGOOBXOBOOGRYBXBBBBBWRGXYYYW;17;;;;
OOGGXYRRRGWGYXRYGYYWWGXYRBBGRWBXRRBBOWYBXOWGOBWWOXOBYO;18;;;;
OOWWXBYYWGRRYXBYWRGGGWXBBRRRYORXOWOWGYYGXROOOYGBGXWBBB;20;;;;
OROOXWYYGGBROXRBYYGGRBXGRBBWOGRXGRRBWWYWXGWYYBWWBXYOOO;20;;;;
OGWOXYGOGGBYWXBYBBRWRYXYYGRWOOGXOWRBGRYGXRWBORWBRXYBWO;13;;;;
YWGYXRGWWORYOXGBRRRBGYXGBBBRBWRXWRGOOGGOXBBYYYYWWXOOOW;20;;;;
